group,form
абрикос|NOUN,абрикос
абрикос|NOUN,абрикоса
абрикос|NOUN,абрикосам
абрикос|NOUN,абрикосами
абрикос|NOUN,абрикосах
абрикос|NOUN,абрикосе
абрикос|NOUN,абрикосом
абрикос|NOUN,абрикосу
абрикос|NOUN,абрикосы
абрикосовый|ADJF,абрикосова
абрикосовый|ADJF,абрикосовая
абрикосовый|ADJF,абрикосовее
абрикосовый|ADJF,абрикосовей
абрикосовый|ADJF,абрикосово
абрикосовый|ADJF,абрикосового
абрикосовый|ADJF,абрикосовое
абрикосовый|ADJF,абрикосовой
абрикосовый|ADJF,абрикосовом
абрикосовый|ADJF,абрикосовому
абрикосовый|ADJF,абрикосовою
абрикосовый|ADJF,абрикосовую
абрикосовый|ADJF,абрикосовы
абрикосовый|ADJF,абрикосовые
абрикосовый|ADJF,абрикосовый
абрикосовый|ADJF,абрикосовым
абрикосовый|ADJF,абрикосовыми
абрикосовый|ADJF,абрикосовых
абрикосовый|ADJF,поабрикосовее
абрикосовый|ADJF,поабрикосовей
авокадо|NOUN,авокадо
аджика|NOUN,аджик
аджика|NOUN,аджика
аджика|NOUN,аджикам
аджика|NOUN,аджиками
аджика|NOUN,аджиках
аджика|NOUN,аджике
аджика|NOUN,аджики
аджика|NOUN,аджикой
аджика|NOUN,аджикою
аджика|NOUN,аджику
адыгейский|ADJF,адыгейская
адыгейский|ADJF,адыгейские
адыгейский|ADJF,адыгейский
адыгейский|ADJF,адыгейским
адыгейский|ADJF,адыгейскими
адыгейский|ADJF,адыгейских
адыгейский|ADJF,адыгейского
адыгейский|ADJF,адыгейское
адыгейский|ADJF,адыгейской
адыгейский|ADJF,адыгейском
адыгейский|ADJF,адыгейскому
адыгейский|ADJF,адыгейскою
адыгейский|ADJF,адыгейскую
айва|NOUN,айв
айва|NOUN,айва
айва|NOUN,айвам
айва|NOUN,айвами
айва|NOUN,айвах
айва|NOUN,айве
айва|NOUN,айвой
айва|NOUN,айвою
айва|NOUN,айву
айва|NOUN,айвы
айран|NOUN,айран
айран|NOUN,айрана
айран|NOUN,айранам
айран|NOUN,айранами
айран|NOUN,айранах
айран|NOUN,айране
айран|NOUN,айранов
айран|NOUN,айраном
айран|NOUN,айрану
айран|NOUN,айраны
айсберг|NOUN,айсберг
айсберг|NOUN,айсберга
айсберг|NOUN,айсбергам
айсберг|NOUN,айсбергами
айсберг|NOUN,айсбергах
айсберг|NOUN,айсберге
айсберг|NOUN,айсберги
айсберг|NOUN,айсбергов
айсберг|NOUN,айсбергом
айсберг|NOUN,айсбергу
акациевый|ADJF,акациев
акациевый|ADJF,акациева
акациевый|ADJF,акациевая
акациевый|ADJF,акациевее
акациевый|ADJF,акациевей
акациевый|ADJF,акациево
акациевый|ADJF,акациевого
акациевый|ADJF,акациевое
акациевый|ADJF,акациевой
акациевый|ADJF,акациевом
акациевый|ADJF,акациевому
акациевый|ADJF,акациевою
акациевый|ADJF,акациевую
акациевый|ADJF,акациевы
акациевый|ADJF,акациевые
акациевый|ADJF,акациевый
акациевый|ADJF,акациевым
акациевый|ADJF,акациевыми
акациевый|ADJF,акациевых
акациевый|ADJF,поакациевее
акациевый|ADJF,поакациевей
алыча|NOUN,алыча
алыча|NOUN,алыче
алыча|NOUN,алычи
алыча|NOUN,алычой
алыча|NOUN,алычою
алыча|NOUN,алычу
амур|NOUN,амур
амур|NOUN,амура
амур|NOUN,амурам
амур|NOUN,амурами
амур|NOUN,амурах
амур|NOUN,амуре
амур|NOUN,амуров
амур|NOUN,амуром
амур|NOUN,амуру
амур|NOUN,амуры
ананас|NOUN,ананас
ананас|NOUN,ананаса
ананас|NOUN,ананасам
ананас|NOUN,ананасами
ананас|NOUN,ананасах
ананас|NOUN,ананасе
ананас|NOUN,ананасов
ананас|NOUN,ананасом
ананас|NOUN,ананасу
ананас|NOUN,ананасы
анис|NOUN,анис
анис|NOUN,аниса
анис|NOUN,анисам
анис|NOUN,анисами
анис|NOUN,анисах
анис|NOUN,анисе
анис|NOUN,анисов
анис|NOUN,анисом
анис|NOUN,анису
анис|NOUN,анисы
антрекот|NOUN,антрекот
антрекот|NOUN,антрекота
антрекот|NOUN,антрекотам
антрекот|NOUN,антрекотами
антрекот|NOUN,антрекотах
антрекот|NOUN,антрекоте
антрекот|NOUN,антрекотов
антрекот|NOUN,антрекотом
антрекот|NOUN,антрекоту
антрекот|NOUN,антрекоты
анчоус|NOUN,анчоус
анчоус|NOUN,анчоуса
анчоус|NOUN,анчоусам
анчоус|NOUN,анчоусами
анчоус|NOUN,анчоусах
анчоус|NOUN,анчоусе
анчоус|NOUN,анчоусов
анчоус|NOUN,анчоусом
анчоус|NOUN,анчоусу
анчоус|NOUN,анчоусы
апельсин|NOUN,апельсин
апельсин|NOUN,апельсина
апельсин|NOUN,апельсинам
апельсин|NOUN,апельсинами
апельсин|NOUN,апельсинах
апельсин|NOUN,апельсине
апельсин|NOUN,апельсинов
апельсин|NOUN,апельсином
апельсин|NOUN,апельсину
апельсин|NOUN,апельсины
апельсиновый|ADJF,апельсиновая
апельсиновый|ADJF,апельсинового
апельсиновый|ADJF,апельсиновое
апельсиновый|ADJF,апельсиновой
апельсиновый|ADJF,апельсиновом
апельсиновый|ADJF,апельсиновому
апельсиновый|ADJF,апельсиновою
апельсиновый|ADJF,апельсиновую
апельсиновый|ADJF,апельсиновые
апельсиновый|ADJF,апельсиновый
апельсиновый|ADJF,апельсиновым
апельсиновый|ADJF,апельсиновыми
апельсиновый|ADJF,апельсиновых
апорт|NOUN,апорт
апорт|NOUN,апорта
апорт|NOUN,апортам
апорт|NOUN,апортами
апорт|NOUN,апортах
апорт|NOUN,апорте
апорт|NOUN,апортов
апорт|NOUN,апортом
апорт|NOUN,апорту
апорт|NOUN,апорты
арахис|NOUN,арахис
арахис|NOUN,арахиса
арахис|NOUN,арахисам
арахис|NOUN,арахисами
арахис|NOUN,арахисах
арахис|NOUN,арахисе
арахис|NOUN,арахисом
арахис|NOUN,арахису
арахис|NOUN,арахисы
арахисовый|ADJF,арахисова
арахисовый|ADJF,арахисовая
арахисовый|ADJF,арахисовее
арахисовый|ADJF,арахисовей
арахисовый|ADJF,арахисово
арахисовый|ADJF,арахисового
арахисовый|ADJF,арахисовое
арахисовый|ADJF,арахисовой
арахисовый|ADJF,арахисовом
арахисовый|ADJF,арахисовому
арахисовый|ADJF,арахисовою
арахисовый|ADJF,арахисовую
арахисовый|ADJF,арахисовы
арахисовый|ADJF,арахисовые
арахисовый|ADJF,арахисовый
арахисовый|ADJF,арахисовым
арахисовый|ADJF,арахисовыми
арахисовый|ADJF,арахисовых
арахисовый|ADJF,поарахисовее
арахисовый|ADJF,поарахисовей
арбуз|NOUN,арбуз
арбуз|NOUN,арбуза
арбуз|NOUN,арбузам
арбуз|NOUN,арбузами
арбуз|NOUN,арбузах
арбуз|NOUN,арбузе
арбуз|NOUN,арбузов
арбуз|NOUN,арбузом
арбуз|NOUN,арбузу
арбуз|NOUN,арбузы
атлантический|ADJF,атлантическая
атлантический|ADJF,атлантические
атлантический|ADJF,атлантический
атлантический|ADJF,атлантическим
атлантический|ADJF,атлантическими
атлантический|ADJF,атлантических
атлантический|ADJF,атлантического
атлантический|ADJF,атлантическое
атлантический|ADJF,атлантической
атлантический|ADJF,атлантическом
атлантический|ADJF,атлантическому
атлантический|ADJF,атлантическою
атлантический|ADJF,атлантическую
багет|NOUN,багет
багет|NOUN,багета
багет|NOUN,багетам
багет|NOUN,багетами
багет|NOUN,багетах
багет|NOUN,багете
багет|NOUN,багетов
багет|NOUN,багетом
багет|NOUN,багету
багет|NOUN,багеты
бадьян|NOUN,бадьян
бадьян|NOUN,бадьяна
бадьян|NOUN,бадьянам
бадьян|NOUN,бадьянами
бадьян|NOUN,бадьянах
бадьян|NOUN,бадьяне
бадьян|NOUN,бадьянов
бадьян|NOUN,бадьяном
бадьян|NOUN,бадьяну
бадьян|NOUN,бадьяны
базилик|NOUN,базилик
базилик|NOUN,базилика
базилик|NOUN,базиликам
базилик|NOUN,базиликами
базилик|NOUN,базиликах
базилик|NOUN,базилике
базилик|NOUN,базилики
базилик|NOUN,базиликов
базилик|NOUN,базиликом
базилик|NOUN,базилику
баклажан|NOUN,баклажан
баклажан|NOUN,баклажана
баклажан|NOUN,баклажанам
баклажан|NOUN,баклажанами
баклажан|NOUN,баклажанах
баклажан|NOUN,баклажане
баклажан|NOUN,баклажанов
баклажан|NOUN,баклажаном
баклажан|NOUN,баклажану
баклажан|NOUN,баклажаны
бал|NOUN,бал
бал|NOUN,бала
бал|NOUN,балам
бал|NOUN,балами
бал|NOUN,балах
бал|NOUN,бале
бал|NOUN,балов
бал|NOUN,балом
бал|NOUN,балу
бал|NOUN,балы
бальзамический|ADJF,бальзамическая
бальзамический|ADJF,бальзамические
бальзамический|ADJF,бальзамический
бальзамический|ADJF,бальзамическим
бальзамический|ADJF,бальзамическими
бальзамический|ADJF,бальзамических
бальзамический|ADJF,бальзамического
бальзамический|ADJF,бальзамическое
бальзамический|ADJF,бальзамической
бальзамический|ADJF,бальзамическом
бальзамический|ADJF,бальзамическому
бальзамический|ADJF,бальзамическою
бальзамический|ADJF,бальзамическую
банан|NOUN,банан
банан|NOUN,банана
банан|NOUN,бананам
банан|NOUN,бананами
банан|NOUN,бананах
банан|NOUN,банане
банан|NOUN,бананов
банан|NOUN,бананом
банан|NOUN,банану
банан|NOUN,бананы
барабулька|NOUN,барабулек
барабулька|NOUN,барабулька
барабулька|NOUN,барабулькам
барабулька|NOUN,барабульками
барабулька|NOUN,барабульках
барабулька|NOUN,барабульке
барабулька|NOUN,барабульки
барабулька|NOUN,барабулькой
барабулька|NOUN,барабулькою
барабулька|NOUN,барабульку
баран|NOUN,баран
баран|NOUN,барана
баран|NOUN,баранам
баран|NOUN,баранами
баран|NOUN,баранах
баран|NOUN,баране
баран|NOUN,баранов
баран|NOUN,бараном
баран|NOUN,барану
баран|NOUN,бараны
бараний|ADJF,бараний
бараний|ADJF,баранье
бараний|ADJF,бараньего
бараний|ADJF,бараньей
бараний|ADJF,бараньем
бараний|ADJF,бараньему
бараний|ADJF,бараньею
бараний|ADJF,бараньи
бараний|ADJF,бараньим
бараний|ADJF,бараньими
бараний|ADJF,бараньих
бараний|ADJF,баранью
бараний|ADJF,баранья
баранина|NOUN,баранин
баранина|NOUN,баранина
баранина|NOUN,баранинам
баранина|NOUN,баранинами
баранина|NOUN,баранинах
баранина|NOUN,баранине
баранина|NOUN,бараниной
баранина|NOUN,бараниною
баранина|NOUN,баранину
баранина|NOUN,баранины
барбарис|NOUN,барбарис
барбарис|NOUN,барбариса
барбарис|NOUN,барбарисам
барбарис|NOUN,барбарисами
барбарис|NOUN,барбарисах
барбарис|NOUN,барбарисе
барбарис|NOUN,барбарисов
барбарис|NOUN,барбарисом
барбарис|NOUN,барбарису
барбарис|NOUN,барбарисы
батат|NOUN,батат
батат|NOUN,батата
батат|NOUN,бататам
батат|NOUN,бататами
батат|NOUN,бататах
батат|NOUN,батате
батат|NOUN,бататов
батат|NOUN,бататом
батат|NOUN,батату
батат|NOUN,бататы
батон|NOUN,батон
батон|NOUN,батона
батон|NOUN,батонам
батон|NOUN,батонами
батон|NOUN,батонах
батон|NOUN,батоне
батон|NOUN,батонов
батон|NOUN,батоном
батон|NOUN,батону
батон|NOUN,батоны
башка|NOUN,башка
башка|NOUN,башкам
башка|NOUN,башками
башка|NOUN,башках
башка|NOUN,башке
башка|NOUN,башки
башка|NOUN,башкой
башка|NOUN,башкою
башка|NOUN,башку
башка|NOUN,башок
бедро|NOUN,бедер
бедро|NOUN,бедра
бедро|NOUN,бедрам
бедро|NOUN,бедрами
бедро|NOUN,бедрах
бедро|NOUN,бедре
бедро|NOUN,бедро
бедро|NOUN,бедром
бедро|NOUN,бедру
белокочанный|ADJF,белокочанен
белокочанный|ADJF,белокочанна
белокочанный|ADJF,белокочанная
белокочанный|ADJF,белокочаннее
белокочанный|ADJF,белокочанней
белокочанный|ADJF,белокочанно
белокочанный|ADJF,белокочанного
белокочанный|ADJF,белокочанное
белокочанный|ADJF,белокочанной
белокочанный|ADJF,белокочанном
белокочанный|ADJF,белокочанному
белокочанный|ADJF,белокочанною
белокочанный|ADJF,белокочанную
белокочанный|ADJF,белокочанны
белокочанный|ADJF,белокочанные
белокочанный|ADJF,белокочанный
белокочанный|ADJF,белокочанным
белокочанный|ADJF,белокочанными
белокочанный|ADJF,белокочанных
белокочанный|ADJF,побелокочаннее
белокочанный|ADJF,побелокочанней
белуга|NOUN,белуг
белуга|NOUN,белуга
белуга|NOUN,белугам
белуга|NOUN,белугами
белуга|NOUN,белугах
белуга|NOUN,белуге
белуга|NOUN,белуги
белуга|NOUN,белугой
белуга|NOUN,белугою
белуга|NOUN,белугу
белый|ADJF,бел
белый|ADJF,бела
белый|ADJF,белая
белый|ADJF,белее
белый|ADJF,белей
белый|ADJF,белейшая
белый|ADJF,белейшего
белый|ADJF,белейшее
белый|ADJF,белейшей
белый|ADJF,белейшем
белый|ADJF,белейшему
белый|ADJF,белейшею
белый|ADJF,белейшие
белый|ADJF,белейший
белый|ADJF,белейшим
белый|ADJF,белейшими
белый|ADJF,белейших
белый|ADJF,белейшую
белый|ADJF,бело
белый|ADJF,белого
белый|ADJF,белое
белый|ADJF,белой
белый|ADJF,белом
белый|ADJF,белому
белый|ADJF,белою
белый|ADJF,белую
белый|ADJF,белы
белый|ADJF,белые
белый|ADJF,белый
белый|ADJF,белым
белый|ADJF,белыми
белый|ADJF,белых
белый|ADJF,наибелейшая
белый|ADJF,наибелейшего
белый|ADJF,наибелейшее
белый|ADJF,наибелейшей
белый|ADJF,наибелейшем
белый|ADJF,наибелейшему
белый|ADJF,наибелейшею
белый|ADJF,наибелейшие
белый|ADJF,наибелейший
белый|ADJF,наибелейшим
белый|ADJF,наибелейшими
белый|ADJF,наибелейших
белый|ADJF,наибелейшую
белый|ADJF,побелее
белый|ADJF,побелей
бешбармак|NOUN,бешбармак
бешбармак|NOUN,бешбармака
бешбармак|NOUN,бешбармакам
бешбармак|NOUN,бешбармаками
бешбармак|NOUN,бешбармаках
бешбармак|NOUN,бешбармаке
бешбармак|NOUN,бешбармаки
бешбармак|NOUN,бешбармаков
бешбармак|NOUN,бешбармаком
бешбармак|NOUN,бешбармаку
болгарский|ADJF,болгарская
болгарский|ADJF,болгарские
болгарский|ADJF,болгарский
болгарский|ADJF,болгарским
болгарский|ADJF,болгарскими
болгарский|ADJF,болгарских
болгарский|ADJF,болгарского
болгарский|ADJF,болгарское
болгарский|ADJF,болгарской
болгарский|ADJF,болгарском
болгарский|ADJF,болгарскому
болгарский|ADJF,болгарскою
болгарский|ADJF,болгарскую
боровик|NOUN,боровик
боровик|NOUN,боровика
боровик|NOUN,боровикам
боровик|NOUN,боровиками
боровик|NOUN,боровиках
боровик|NOUN,боровике
боровик|NOUN,боровики
боровик|NOUN,боровиков
боровик|NOUN,боровиком
боровик|NOUN,боровику
бразильский|ADJF,бразильская
бразильский|ADJF,бразильские
бразильский|ADJF,бразильский
бразильский|ADJF,бразильским
бразильский|ADJF,бразильскими
бразильский|ADJF,бразильских
бразильский|ADJF,бразильского
бразильский|ADJF,бразильское
бразильский|ADJF,бразильской
бразильский|ADJF,бразильском
бразильский|ADJF,бразильскому
бразильский|ADJF,бразильскою
бразильский|ADJF,бразильскую
бри|NOUN,бри
брокколи|NOUN,брокколи
брынза|NOUN,брынз
брынза|NOUN,брынза
брынза|NOUN,брынзам
брынза|NOUN,брынзами
брынза|NOUN,брынзах
брынза|NOUN,брынзе
брынза|NOUN,брынзой
брынза|NOUN,брынзою
брынза|NOUN,брынзу
брынза|NOUN,брынзы
брюссельский|ADJF,брюссельская
брюссельский|ADJF,брюссельские
брюссельский|ADJF,брюссельский
брюссельский|ADJF,брюссельским
брюссельский|ADJF,брюссельскими
брюссельский|ADJF,брюссельских
брюссельский|ADJF,брюссельского
брюссельский|ADJF,брюссельское
брюссельский|ADJF,брюссельской
брюссельский|ADJF,брюссельском
брюссельский|ADJF,брюссельскому
брюссельский|ADJF,брюссельскою
брюссельский|ADJF,брюссельскую
бурый|ADJF,бур
бурый|ADJF,бура
бурый|ADJF,бурая
бурый|ADJF,бурее
бурый|ADJF,бурей
бурый|ADJF,бурейшая
бурый|ADJF,бурейшего
бурый|ADJF,бурейшее
бурый|ADJF,бурейшей
бурый|ADJF,бурейшем
бурый|ADJF,бурейшему
бурый|ADJF,бурейшею
бурый|ADJF,бурейшие
бурый|ADJF,бурейший
бурый|ADJF,бурейшим
бурый|ADJF,бурейшими
бурый|ADJF,бурейших
бурый|ADJF,бурейшую
бурый|ADJF,буро
бурый|ADJF,бурого
бурый|ADJF,бурое
бурый|ADJF,бурой
бурый|ADJF,буром
бурый|ADJF,бурому
бурый|ADJF,бурою
бурый|ADJF,бурую
бурый|ADJF,буры
бурый|ADJF,бурые
бурый|ADJF,бурый
бурый|ADJF,бурым
бурый|ADJF,бурыми
бурый|ADJF,бурых
бурый|ADJF,побурее
бурый|ADJF,побурей
варение|NOUN,варение
варение|NOUN,варением
варение|NOUN,варении
варение|NOUN,варений
варение|NOUN,варению
варение|NOUN,варения
варение|NOUN,варениям
варение|NOUN,варениями
варение|NOUN,варениях
варение|NOUN,варенье
варение|NOUN,вареньем
варение|NOUN,вареньи
варение|NOUN,варенью
варение|NOUN,варенья
варение|NOUN,вареньям
варение|NOUN,вареньями
варение|NOUN,вареньях
верблюд|NOUN,верблюд
верблюд|NOUN,верблюда
верблюд|NOUN,верблюдам
верблюд|NOUN,верблюдами
верблюд|NOUN,верблюдах
верблюд|NOUN,верблюде
верблюд|NOUN,верблюдов
верблюд|NOUN,верблюдом
верблюд|NOUN,верблюду
верблюд|NOUN,верблюды
верблюжатина|NOUN,верблюжатин
верблюжатина|NOUN,верблюжатина
верблюжатина|NOUN,верблюжатинам
верблюжатина|NOUN,верблюжатинами
верблюжатина|NOUN,верблюжатинах
верблюжатина|NOUN,верблюжатине
верблюжатина|NOUN,верблюжатиной
верблюжатина|NOUN,верблюжатиною
верблюжатина|NOUN,верблюжатину
верблюжатина|NOUN,верблюжатины
верблюжий|ADJF,верблюжий
верблюжий|ADJF,верблюжье
верблюжий|ADJF,верблюжьего
верблюжий|ADJF,верблюжьей
верблюжий|ADJF,верблюжьем
верблюжий|ADJF,верблюжьему
верблюжий|ADJF,верблюжьею
верблюжий|ADJF,верблюжьи
верблюжий|ADJF,верблюжьим
верблюжий|ADJF,верблюжьими
верблюжий|ADJF,верблюжьих
верблюжий|ADJF,верблюжью
верблюжий|ADJF,верблюжья
ветка|NOUN,ветка
ветка|NOUN,веткам
ветка|NOUN,ветками
ветка|NOUN,ветках
ветка|NOUN,ветке
ветка|NOUN,ветки
ветка|NOUN,веткой
ветка|NOUN,веткою
ветка|NOUN,ветку
ветка|NOUN,веток
взбивание|NOUN,взбивание
взбивание|NOUN,взбиванием
взбивание|NOUN,взбивании
взбивание|NOUN,взбиваний
взбивание|NOUN,взбиванию
взбивание|NOUN,взбивания
взбивание|NOUN,взбиваниям
взбивание|NOUN,взбиваниями
взбивание|NOUN,взбиваниях
взбивание|NOUN,взбиванье
взбивание|NOUN,взбиваньем
взбивание|NOUN,взбиваньи
взбивание|NOUN,взбиванью
взбивание|NOUN,взбиванья
взбивание|NOUN,взбиваньям
взбивание|NOUN,взбиваньями
взбивание|NOUN,взбиваньях
винный|ADJF,винен
винный|ADJF,винна
винный|ADJF,винная
винный|ADJF,виннее
винный|ADJF,винней
винный|ADJF,винно
винный|ADJF,винного
винный|ADJF,винное
винный|ADJF,винной
винный|ADJF,винном
винный|ADJF,винному
винный|ADJF,винною
винный|ADJF,винную
винный|ADJF,винны
винный|ADJF,винные
винный|ADJF,винный
винный|ADJF,винным
винный|ADJF,винными
винный|ADJF,винных
винный|ADJF,повиннее
винный|ADJF,повинней
виноград|NOUN,виноград
виноград|NOUN,винограда
виноград|NOUN,виноградам
виноград|NOUN,виноградами
виноград|NOUN,виноградах
виноград|NOUN,винограде
виноград|NOUN,виноградов
виноград|NOUN,виноградом
виноград|NOUN,винограду
виноград|NOUN,винограды
вишневый|ADJF,вишнев
вишневый|ADJF,вишнева
вишневый|ADJF,вишневая
вишневый|ADJF,вишневее
вишневый|ADJF,вишневей
вишневый|ADJF,вишневейшая
вишневый|ADJF,вишневейше
вишневый|ADJF,вишневейшего
вишневый|ADJF,вишневейшее
вишневый|ADJF,вишневейшей
вишневый|ADJF,вишневейшем
вишневый|ADJF,вишневейшему
вишневый|ADJF,вишневейшею
вишневый|ADJF,вишневейшие
вишневый|ADJF,вишневейший
вишневый|ADJF,вишневейшим
вишневый|ADJF,вишневейшими
вишневый|ADJF,вишневейших
вишневый|ADJF,вишневейшую
вишневый|ADJF,вишнево
вишневый|ADJF,вишневого
вишневый|ADJF,вишневое
вишневый|ADJF,вишневой
вишневый|ADJF,вишневом
вишневый|ADJF,вишневому
вишневый|ADJF,вишневою
вишневый|ADJF,вишневую
вишневый|ADJF,вишневы
вишневый|ADJF,вишневые
вишневый|ADJF,вишневый
вишневый|ADJF,вишневым
вишневый|ADJF,вишневыми
вишневый|ADJF,вишневых
вишневый|ADJF,повишневее
вишневый|ADJF,повишневей
вишня|NOUN,вишен
вишня|NOUN,вишне
вишня|NOUN,вишней
вишня|NOUN,вишнею
вишня|NOUN,вишни
вишня|NOUN,вишню
вишня|NOUN,вишня
вишня|NOUN,вишням
вишня|NOUN,вишнями
вишня|NOUN,вишнях
внутренний|ADJF,внутренен
внутренний|ADJF,внутренне
внутренний|ADJF,внутреннего
внутренний|ADJF,внутреннее
внутренний|ADJF,внутренней
внутренний|ADJF,внутреннем
внутренний|ADJF,внутреннему
внутренний|ADJF,внутреннею
внутренний|ADJF,внутренни
внутренний|ADJF,внутренние
внутренний|ADJF,внутренний
внутренний|ADJF,внутренним
внутренний|ADJF,внутренними
внутренний|ADJF,внутренних
внутренний|ADJF,внутреннюю
внутренний|ADJF,внутрення
внутренний|ADJF,внутренняя
вода|NOUN,вод
вода|NOUN,вода
вода|NOUN,водам
вода|NOUN,водами
вода|NOUN,водах
вода|NOUN,воде
вода|NOUN,водой
вода|NOUN,водою
вода|NOUN,воду
вода|NOUN,воды
выдержать|PRTF,выдержав
выдержать|PRTF,выдержавшая
выдержать|PRTF,выдержавшего
выдержать|PRTF,выдержавшее
выдержать|PRTF,выдержавшей
выдержать|PRTF,выдержавшем
выдержать|PRTF,выдержавшему
выдержать|PRTF,выдержавшею
выдержать|PRTF,выдержавши
выдержать|PRTF,выдержавшие
выдержать|PRTF,выдержавший
выдержать|PRTF,выдержавшим
выдержать|PRTF,выдержавшими
выдержать|PRTF,выдержавших
выдержать|PRTF,выдержавшую
выдержать|PRTF,выдержал
выдержать|PRTF,выдержала
выдержать|PRTF,выдержали
выдержать|PRTF,выдержало
выдержать|PRTF,выдержан
выдержать|PRTF,выдержана
выдержать|PRTF,выдержанная
выдержать|PRTF,выдержанного
выдержать|PRTF,выдержанное
выдержать|PRTF,выдержанной
выдержать|PRTF,выдержанном
выдержать|PRTF,выдержанному
выдержать|PRTF,выдержанною
выдержать|PRTF,выдержанную
выдержать|PRTF,выдержанные
выдержать|PRTF,выдержанный
выдержать|PRTF,выдержанным
выдержать|PRTF,выдержанными
выдержать|PRTF,выдержанных
выдержать|PRTF,выдержано
выдержать|PRTF,выдержаны
выдержать|PRTF,выдержат
выдержать|PRTF,выдержать
выдержать|PRTF,выдержи
выдержать|PRTF,выдержим
выдержать|PRTF,выдержимте
выдержать|PRTF,выдержит
выдержать|PRTF,выдержите
выдержать|PRTF,выдержишь
выдержать|PRTF,выдержу
вырезка|NOUN,вырезка
вырезка|NOUN,вырезкам
вырезка|NOUN,вырезками
вырезка|NOUN,вырезках
вырезка|NOUN,вырезке
вырезка|NOUN,вырезки
вырезка|NOUN,вырезкой
вырезка|NOUN,вырезкою
вырезка|NOUN,вырезку
вырезка|NOUN,вырезок
вяленый|ADJF,вялен
вяленый|ADJF,вялена
вяленый|ADJF,вяленая
вяленый|ADJF,вяленее
вяленый|ADJF,вяленей
вяленый|ADJF,вялено
вяленый|ADJF,вяленого
вяленый|ADJF,вяленое
вяленый|ADJF,вяленой
вяленый|ADJF,вяленом
вяленый|ADJF,вяленому
вяленый|ADJF,вяленою
вяленый|ADJF,вяленую
вяленый|ADJF,вялены
вяленый|ADJF,вяленые
вяленый|ADJF,вяленый
вяленый|ADJF,вяленым
вяленый|ADJF,вялеными
вяленый|ADJF,вяленых
вяленый|ADJF,повяленее
вяленый|ADJF,повяленей
газировать|PRTF,газировавшая
газировать|PRTF,газировавшего
газировать|PRTF,газировавшее
газировать|PRTF,газировавшей
газировать|PRTF,газировавшем
газировать|PRTF,газировавшему
газировать|PRTF,газировавшею
газировать|PRTF,газировавши
газировать|PRTF,газировавшие
газировать|PRTF,газировавший
газировать|PRTF,газировавшим
газировать|PRTF,газировавшими
газировать|PRTF,газировавших
газировать|PRTF,газировавшую
газировать|PRTF,газировал
газировать|PRTF,газировала
газировать|PRTF,газировали
газировать|PRTF,газировало
газировать|PRTF,газирован
газировать|PRTF,газирована
газировать|PRTF,газированная
газировать|PRTF,газированного
газировать|PRTF,газированное
газировать|PRTF,газированной
газировать|PRTF,газированном
газировать|PRTF,газированному
газировать|PRTF,газированною
газировать|PRTF,газированную
газировать|PRTF,газированные
газировать|PRTF,газированный
газировать|PRTF,газированным
газировать|PRTF,газированными
газировать|PRTF,газированных
газировать|PRTF,газировано
газировать|PRTF,газированы
газировать|PRTF,газировать
газировать|PRTF,газируем
газировать|PRTF,газируема
газировать|PRTF,газируемая
газировать|PRTF,газируемо
газировать|PRTF,газируемого
газировать|PRTF,газируемое
газировать|PRTF,газируемой
газировать|PRTF,газируемом
газировать|PRTF,газируемому
газировать|PRTF,газируемою
газировать|PRTF,газируемую
газировать|PRTF,газируемы
газировать|PRTF,газируемые
газировать|PRTF,газируемый
газировать|PRTF,газируемым
газировать|PRTF,газируемыми
газировать|PRTF,газируемых
газировать|PRTF,газирует
газировать|PRTF,газируете
газировать|PRTF,газируешь
газировать|PRTF,газируй
газировать|PRTF,газируйте
газировать|PRTF,газирую
газировать|PRTF,газируют
газировать|PRTF,газирующая
газировать|PRTF,газирующего
газировать|PRTF,газирующее
газировать|PRTF,газирующей
газировать|PRTF,газирующем
газировать|PRTF,газирующему
газировать|PRTF,газирующею
газировать|PRTF,газирующие
газировать|PRTF,газирующий
газировать|PRTF,газирующим
газировать|PRTF,газирующими
газировать|PRTF,газирующих
газировать|PRTF,газирующую
газировать|PRTF,газируя
гала|NOUN,гал
гала|NOUN,гала
гала|NOUN,галам
гала|NOUN,галами
гала|NOUN,галах
гала|NOUN,гале
гала|NOUN,галой
гала|NOUN,галою
гала|NOUN,галу
гала|NOUN,галы
гвоздик|NOUN,гвоздик
гвоздик|NOUN,гвоздика
гвоздик|NOUN,гвоздикам
гвоздик|NOUN,гвоздиками
гвоздик|NOUN,гвоздиках
гвоздик|NOUN,гвоздике
гвоздик|NOUN,гвоздики
гвоздик|NOUN,гвоздиков
гвоздик|NOUN,гвоздиком
гвоздик|NOUN,гвоздику
геркулес|NOUN,геркулес
геркулес|NOUN,геркулеса
геркулес|NOUN,геркулесам
геркулес|NOUN,геркулесами
геркулес|NOUN,геркулесах
геркулес|NOUN,геркулесе
геркулес|NOUN,геркулесов
геркулес|NOUN,геркулесом
геркулес|NOUN,геркулесу
геркулес|NOUN,геркулесы
гибискус|NOUN,гибискус
гибискус|NOUN,гибискуса
гибискус|NOUN,гибискусам
гибискус|NOUN,гибискусами
гибискус|NOUN,гибискусах
гибискус|NOUN,гибискусе
гибискус|NOUN,гибискусов
гибискус|NOUN,гибискусом
гибискус|NOUN,гибискусу
гибискус|NOUN,гибискусы
гималайский|ADJF,гималайская
гималайский|ADJF,гималайские
гималайский|ADJF,гималайский
гималайский|ADJF,гималайским
гималайский|ADJF,гималайскими
гималайский|ADJF,гималайских
гималайский|ADJF,гималайского
гималайский|ADJF,гималайское
гималайский|ADJF,гималайской
гималайский|ADJF,гималайском
гималайский|ADJF,гималайскому
гималайский|ADJF,гималайскою
гималайский|ADJF,гималайскую
говядина|NOUN,говядин
говядина|NOUN,говядина
говядина|NOUN,говядинам
говядина|NOUN,говядинами
говядина|NOUN,говядинах
говядина|NOUN,говядине
говядина|NOUN,говядиной
говядина|NOUN,говядиною
говядина|NOUN,говядину
говядина|NOUN,говядины
говяжий|ADJF,говяжий
говяжий|ADJF,говяжье
говяжий|ADJF,говяжьего
говяжий|ADJF,говяжьей
говяжий|ADJF,говяжьем
говяжий|ADJF,говяжьему
говяжий|ADJF,говяжьею
говяжий|ADJF,говяжьи
говяжий|ADJF,говяжьим
говяжий|ADJF,говяжьими
говяжий|ADJF,говяжьих
говяжий|ADJF,говяжью
говяжий|ADJF,говяжья
голень|NOUN,голеней
голень|NOUN,голени
голень|NOUN,голень
голень|NOUN,голенью
голень|NOUN,голеням
голень|NOUN,голенями
голень|NOUN,голенях
голова|NOUN,голов
голова|NOUN,голова
голова|NOUN,головам
голова|NOUN,головами
голова|NOUN,головах
голова|NOUN,голове
голова|NOUN,головой
голова|NOUN,головою
голова|NOUN,голову
голова|NOUN,головы
голубика|NOUN,голубик
голубика|NOUN,голубика
голубика|NOUN,голубикам
голубика|NOUN,голубиками
голубика|NOUN,голубиках
голубика|NOUN,голубике
голубика|NOUN,голубики
голубика|NOUN,голубикой
голубика|NOUN,голубикою
голубика|NOUN,голубику
голяшка|NOUN,голяшек
голяшка|NOUN,голяшка
голяшка|NOUN,голяшкам
голяшка|NOUN,голяшками
голяшка|NOUN,голяшках
голяшка|NOUN,голяшке
голяшка|NOUN,голяшки
голяшка|NOUN,голяшкой
голяшка|NOUN,голяшкою
голяшка|NOUN,голяшку
горбуша|NOUN,горбуш
горбуша|NOUN,горбуша
горбуша|NOUN,горбушам
горбуша|NOUN,горбушами
горбуша|NOUN,горбушах
горбуша|NOUN,горбуше
горбуша|NOUN,горбушей
горбуша|NOUN,горбушею
горбуша|NOUN,горбуши
горбуша|NOUN,горбушу
горный|ADJF,горен
горный|ADJF,горна
горный|ADJF,горная
горный|ADJF,горно
горный|ADJF,горного
горный|ADJF,горное
горный|ADJF,горной
горный|ADJF,горном
горный|ADJF,горному
горный|ADJF,горною
горный|ADJF,горную
горный|ADJF,горны
горный|ADJF,горные
горный|ADJF,горный
горный|ADJF,горным
горный|ADJF,горными
горный|ADJF,горных
горох|NOUN,горох
горох|NOUN,гороха
горох|NOUN,горохам
горох|NOUN,горохами
горох|NOUN,горохах
горох|NOUN,горохе
горох|NOUN,горохи
горох|NOUN,горохов
горох|NOUN,горохом
горох|NOUN,гороху
горчица|NOUN,горчиц
горчица|NOUN,горчица
горчица|NOUN,горчицам
горчица|NOUN,горчицами
горчица|NOUN,горчицах
горчица|NOUN,горчице
горчица|NOUN,горчицей
горчица|NOUN,горчицею
горчица|NOUN,горчицу
горчица|NOUN,горчицы
гран|NOUN,гран
гран|NOUN,грана
гран|NOUN,гранам
гран|NOUN,гранами
гран|NOUN,гранах
гран|NOUN,гране
гран|NOUN,граном
гран|NOUN,грану
гран|NOUN,граны
гранат|NOUN,гранат
гранат|NOUN,граната
гранат|NOUN,гранатам
гранат|NOUN,гранатами
гранат|NOUN,гранатах
гранат|NOUN,гранате
гранат|NOUN,гранатом
гранат|NOUN,гранату
гранат|NOUN,гранаты
гранатовый|ADJF,гранатова
гранатовый|ADJF,гранатовая
гранатовый|ADJF,гранатовее
гранатовый|ADJF,гранатовей
гранатовый|ADJF,гранатово
гранатовый|ADJF,гранатового
гранатовый|ADJF,гранатовое
гранатовый|ADJF,гранатовой
гранатовый|ADJF,гранатовом
гранатовый|ADJF,гранатовому
гранатовый|ADJF,гранатовою
гранатовый|ADJF,гранатовую
гранатовый|ADJF,гранатовы
гранатовый|ADJF,гранатовые
гранатовый|ADJF,гранатовый
гранатовый|ADJF,гранатовым
гранатовый|ADJF,гранатовыми
гранатовый|ADJF,гранатовых
гранатовый|ADJF,погранатовее
гранатовый|ADJF,погранатовей
гребешок|NOUN,гребешка
гребешок|NOUN,гребешкам
гребешок|NOUN,гребешками
гребешок|NOUN,гребешках
гребешок|NOUN,гребешке
гребешок|NOUN,гребешки
гребешок|NOUN,гребешков
гребешок|NOUN,гребешком
гребешок|NOUN,гребешку
гребешок|NOUN,гребешок
грейпфрут|NOUN,грейпфрут
грейпфрут|NOUN,грейпфрута
грейпфрут|NOUN,грейпфрутам
грейпфрут|NOUN,грейпфрутами
грейпфрут|NOUN,грейпфрутах
грейпфрут|NOUN,грейпфруте
грейпфрут|NOUN,грейпфрутов
грейпфрут|NOUN,грейпфрутом
грейпфрут|NOUN,грейпфруту
грейпфрут|NOUN,грейпфруты
грецкий|ADJF,грецкая
грецкий|ADJF,грецкие
грецкий|ADJF,грецкий
грецкий|ADJF,грецким
грецкий|ADJF,грецкими
грецкий|ADJF,грецких
грецкий|ADJF,грецкого
грецкий|ADJF,грецкое
грецкий|ADJF,грецкой
грецкий|ADJF,грецком
грецкий|ADJF,грецкому
грецкий|ADJF,грецкою
грецкий|ADJF,грецкую
греческий|ADJF,греческая
греческий|ADJF,греческие
греческий|ADJF,греческий
греческий|ADJF,греческим
греческий|ADJF,греческими
греческий|ADJF,греческих
греческий|ADJF,греческого
греческий|ADJF,греческое
греческий|ADJF,греческой
греческий|ADJF,греческом
греческий|ADJF,греческому
греческий|ADJF,греческою
греческий|ADJF,греческую
гречишный|ADJF,гречишен
гречишный|ADJF,гречишна
гречишный|ADJF,гречишная
гречишный|ADJF,гречишнее
гречишный|ADJF,гречишней
гречишный|ADJF,гречишно
гречишный|ADJF,гречишного
гречишный|ADJF,гречишное
гречишный|ADJF,гречишной
гречишный|ADJF,гречишном
гречишный|ADJF,гречишному
гречишный|ADJF,гречишною
гречишный|ADJF,гречишную
гречишный|ADJF,гречишны
гречишный|ADJF,гречишные
гречишный|ADJF,гречишный
гречишный|ADJF,гречишным
гречишный|ADJF,гречишными
гречишный|ADJF,гречишных
гречишный|ADJF,погречишнее
гречишный|ADJF,погречишней
гречка|NOUN,гречек
гречка|NOUN,гречка
гречка|NOUN,гречкам
гречка|NOUN,гречками
гречка|NOUN,гречках
гречка|NOUN,гречке
гречка|NOUN,гречки
гречка|NOUN,гречкой
гречка|NOUN,гречкою
гречка|NOUN,гречку
гречневый|ADJF,гречнев
гречневый|ADJF,гречнева
гречневый|ADJF,гречневая
гречневый|ADJF,гречневее
гречневый|ADJF,гречневей
гречневый|ADJF,гречнево
гречневый|ADJF,гречневого
гречневый|ADJF,гречневое
гречневый|ADJF,гречневой
гречневый|ADJF,гречневом
гречневый|ADJF,гречневому
гречневый|ADJF,гречневою
гречневый|ADJF,гречневую
гречневый|ADJF,гречневы
гречневый|ADJF,гречневые
гречневый|ADJF,гречневый
гречневый|ADJF,гречневым
гречневый|ADJF,гречневыми
гречневый|ADJF,гречневых
гречневый|ADJF,погречневее
гречневый|ADJF,погречневей
гриб|NOUN,гриб
гриб|NOUN,гриба
гриб|NOUN,грибам
гриб|NOUN,грибами
гриб|NOUN,грибах
гриб|NOUN,грибе
гриб|NOUN,грибов
гриб|NOUN,грибом
гриб|NOUN,грибу
гриб|NOUN,грибы
грудинка|NOUN,грудинка
грудинка|NOUN,грудинкам
грудинка|NOUN,грудинками
грудинка|NOUN,грудинках
грудинка|NOUN,грудинке
грудинка|NOUN,грудинки
грудинка|NOUN,грудинкой
грудинка|NOUN,грудинкою
грудинка|NOUN,грудинку
грудинка|NOUN,грудинок
грудка|NOUN,грудка
грудка|NOUN,грудкам
грудка|NOUN,грудками
грудка|NOUN,грудках
грудка|NOUN,грудке
грудка|NOUN,грудки
грудка|NOUN,грудкой
грудка|NOUN,грудкою
грудка|NOUN,грудку
грудка|NOUN,грудок
груша|NOUN,груш
груша|NOUN,груша
груша|NOUN,грушам
груша|NOUN,грушами
груша|NOUN,грушах
груша|NOUN,груше
груша|NOUN,грушей
груша|NOUN,грушею
груша|NOUN,груши
груша|NOUN,грушу
гусиный|ADJF,гусин
гусиный|ADJF,гусина
гусиный|ADJF,гусиная
гусиный|ADJF,гусинее
гусиный|ADJF,гусиней
гусиный|ADJF,гусино
гусиный|ADJF,гусиного
гусиный|ADJF,гусиное
гусиный|ADJF,гусиной
гусиный|ADJF,гусином
гусиный|ADJF,гусиному
гусиный|ADJF,гусиною
гусиный|ADJF,гусиную
гусиный|ADJF,гусины
гусиный|ADJF,гусиные
гусиный|ADJF,гусиный
гусиный|ADJF,гусиным
гусиный|ADJF,гусиными
гусиный|ADJF,гусиных
гусиный|ADJF,погусинее
гусиный|ADJF,погусиней
гусь|NOUN,гусе
гусь|NOUN,гусей
гусь|NOUN,гусем
гусь|NOUN,гуси
гусь|NOUN,гусь
гусь|NOUN,гусю
гусь|NOUN,гуся
гусь|NOUN,гусям
гусь|NOUN,гусями
гусь|NOUN,гусях
длиннозерный|ADJF,длиннозерная
длиннозерный|ADJF,длиннозерного
длиннозерный|ADJF,длиннозерное
длиннозерный|ADJF,длиннозерной
длиннозерный|ADJF,длиннозерном
длиннозерный|ADJF,длиннозерному
длиннозерный|ADJF,длиннозерною
длиннозерный|ADJF,длиннозерную
длиннозерный|ADJF,длиннозерные
длиннозерный|ADJF,длиннозерный
длиннозерный|ADJF,длиннозерным
длиннозерный|ADJF,длиннозерными
длиннозерный|ADJF,длиннозерных
домашний|ADJF,домашне
домашний|ADJF,домашнего
домашний|ADJF,домашнее
домашний|ADJF,домашней
домашний|ADJF,домашнем
домашний|ADJF,домашнему
домашний|ADJF,домашнею
домашний|ADJF,домашни
домашний|ADJF,домашние
домашний|ADJF,домашний
домашний|ADJF,домашним
домашний|ADJF,домашними
домашний|ADJF,домашних
домашний|ADJF,домашнюю
домашний|ADJF,домашня
домашний|ADJF,домашняя
домашний|ADJF,подомашнее
домашний|ADJF,подомашней
драконий|ADJF,драконий
драконий|ADJF,драконье
драконий|ADJF,драконьего
драконий|ADJF,драконьей
драконий|ADJF,драконьем
драконий|ADJF,драконьему
драконий|ADJF,драконьею
драконий|ADJF,драконьи
драконий|ADJF,драконьим
драконий|ADJF,драконьими
драконий|ADJF,драконьих
драконий|ADJF,драконью
драконий|ADJF,драконья
древесный|ADJF,древесен
древесный|ADJF,древесна
древесный|ADJF,древесная
древесный|ADJF,древеснее
древесный|ADJF,древесней
древесный|ADJF,древесно
древесный|ADJF,древесного
древесный|ADJF,древесное
древесный|ADJF,древесной
древесный|ADJF,древесном
древесный|ADJF,древесному
древесный|ADJF,древесною
древесный|ADJF,древесную
древесный|ADJF,древесны
древесный|ADJF,древесные
древесный|ADJF,древесный
древесный|ADJF,древесным
древесный|ADJF,древесными
древесный|ADJF,древесных
древесный|ADJF,подревеснее
древесный|ADJF,подревесней
дрожжевой|ADJF,дрожжевая
дрожжевой|ADJF,дрожжевее
дрожжевой|ADJF,дрожжевей
дрожжевой|ADJF,дрожжевого
дрожжевой|ADJF,дрожжевое
дрожжевой|ADJF,дрожжевой
дрожжевой|ADJF,дрожжевом
дрожжевой|ADJF,дрожжевому
дрожжевой|ADJF,дрожжевою
дрожжевой|ADJF,дрожжевую
дрожжевой|ADJF,дрожжевые
дрожжевой|ADJF,дрожжевым
дрожжевой|ADJF,дрожжевыми
дрожжевой|ADJF,дрожжевых
дрожжевой|ADJF,подрожжевее
дрожжевой|ADJF,подрожжевей
дыня|NOUN,дыне
дыня|NOUN,дыней
дыня|NOUN,дынею
дыня|NOUN,дыни
дыня|NOUN,дынь
дыня|NOUN,дыню
дыня|NOUN,дыня
дыня|NOUN,дыням
дыня|NOUN,дынями
дыня|NOUN,дынях
ежевика|NOUN,ежевик
ежевика|NOUN,ежевика
ежевика|NOUN,ежевикам
ежевика|NOUN,ежевиками
ежевика|NOUN,ежевиках
ежевика|NOUN,ежевике
ежевика|NOUN,ежевики
ежевика|NOUN,ежевикой
ежевика|NOUN,ежевикою
ежевика|NOUN,ежевику
жало|NOUN,жал
жало|NOUN,жала
жало|NOUN,жалам
жало|NOUN,жалами
жало|NOUN,жалах
жало|NOUN,жале
жало|NOUN,жало
жало|NOUN,жалом
жало|NOUN,жалу
жареный|ADJF,жарен
жареный|ADJF,жарена
жареный|ADJF,жареная
жареный|ADJF,жаренее
жареный|ADJF,жареней
жареный|ADJF,жарено
жареный|ADJF,жареного
жареный|ADJF,жареное
жареный|ADJF,жареной
жареный|ADJF,жареном
жареный|ADJF,жареному
жареный|ADJF,жареною
жареный|ADJF,жареную
жареный|ADJF,жарены
жареный|ADJF,жареные
жареный|ADJF,жареный
жареный|ADJF,жареным
жареный|ADJF,жареными
жареный|ADJF,жареных
жареный|ADJF,пожаренее
жареный|ADJF,пожареней
жасмина|NOUN,жасмин
жасмина|NOUN,жасмина
жасмина|NOUN,жасминам
жасмина|NOUN,жасминами
жасмина|NOUN,жасминах
жасмина|NOUN,жасмине
жасмина|NOUN,жасминой
жасмина|NOUN,жасминою
жасмина|NOUN,жасмину
жасмина|NOUN,жасмины
желтоперый|ADJF,желтопер
желтоперый|ADJF,желтопера
желтоперый|ADJF,желтоперая
желтоперый|ADJF,желтоперее
желтоперый|ADJF,желтоперей
желтоперый|ADJF,желтоперо
желтоперый|ADJF,желтоперого
желтоперый|ADJF,желтоперое
желтоперый|ADJF,желтоперой
желтоперый|ADJF,желтопером
желтоперый|ADJF,желтоперому
желтоперый|ADJF,желтоперою
желтоперый|ADJF,желтоперую
желтоперый|ADJF,желтоперы
желтоперый|ADJF,желтоперые
желтоперый|ADJF,желтоперый
желтоперый|ADJF,желтоперым
желтоперый|ADJF,желтоперыми
желтоперый|ADJF,желтоперых
желтоперый|ADJF,пожелтоперее
желтоперый|ADJF,пожелтоперей
желтый|ADJF,желт
желтый|ADJF,желта
желтый|ADJF,желтая
желтый|ADJF,желтее
желтый|ADJF,желтей
желтый|ADJF,желто
желтый|ADJF,желтого
желтый|ADJF,желтое
желтый|ADJF,желтой
желтый|ADJF,желтом
желтый|ADJF,желтому
желтый|ADJF,желтою
желтый|ADJF,желтую
желтый|ADJF,желты
желтый|ADJF,желтые
желтый|ADJF,желтый
желтый|ADJF,желтым
желтый|ADJF,желтыми
желтый|ADJF,желтых
желтый|ADJF,пожелтее
желтый|ADJF,пожелтей
желудок|NOUN,желудка
желудок|NOUN,желудкам
желудок|NOUN,желудками
желудок|NOUN,желудках
желудок|NOUN,желудке
желудок|NOUN,желудки
желудок|NOUN,желудков
желудок|NOUN,желудком
желудок|NOUN,желудку
желудок|NOUN,желудок
жир|NOUN,жир
жир|NOUN,жира
жир|NOUN,жирам
жир|NOUN,жирами
жир|NOUN,жирах
жир|NOUN,жире
жир|NOUN,жиров
жир|NOUN,жиром
жир|NOUN,жиру
жир|NOUN,жиры
задний|ADJF,задне
задний|ADJF,заднего
задний|ADJF,заднее
задний|ADJF,задней
задний|ADJF,заднем
задний|ADJF,заднему
задний|ADJF,заднею
задний|ADJF,задни
задний|ADJF,задние
задний|ADJF,задний
задний|ADJF,задним
задний|ADJF,задними
задний|ADJF,задних
задний|ADJF,заднюю
задний|ADJF,задня
задний|ADJF,задняя
звездчатый|ADJF,звездчат
звездчатый|ADJF,звездчата
звездчатый|ADJF,звездчатая
звездчатый|ADJF,звездчатее
звездчатый|ADJF,звездчатей
звездчатый|ADJF,звездчато
звездчатый|ADJF,звездчатого
звездчатый|ADJF,звездчатое
звездчатый|ADJF,звездчатой
звездчатый|ADJF,звездчатом
звездчатый|ADJF,звездчатому
звездчатый|ADJF,звездчатою
звездчатый|ADJF,звездчатую
звездчатый|ADJF,звездчаты
звездчатый|ADJF,звездчатые
звездчатый|ADJF,звездчатый
звездчатый|ADJF,звездчатым
звездчатый|ADJF,звездчатыми
звездчатый|ADJF,звездчатых
звездчатый|ADJF,позвездчатее
звездчатый|ADJF,позвездчатей
зеленый|ADJF,зелен
зеленый|ADJF,зелена
зеленый|ADJF,зеленая
зеленый|ADJF,зеленее
зеленый|ADJF,зелено
зеленый|ADJF,зеленого
зеленый|ADJF,зеленое
зеленый|ADJF,зеленой
зеленый|ADJF,зеленом
зеленый|ADJF,зеленому
зеленый|ADJF,зеленою
зеленый|ADJF,зеленую
зеленый|ADJF,зелены
зеленый|ADJF,зеленые
зеленый|ADJF,зеленый
зеленый|ADJF,зеленым
зеленый|ADJF,зелеными
зеленый|ADJF,зеленых
зеленый|ADJF,позеленее
зеленый|ADJF,позеленей
зелень|NOUN,зелени
зелень|NOUN,зелень
зелень|NOUN,зеленью
зелень|NOUN,зеленям
зелень|NOUN,зеленями
зелень|NOUN,зеленях
земляника|NOUN,земляник
земляника|NOUN,земляника
земляника|NOUN,земляникам
земляника|NOUN,земляниками
земляника|NOUN,земляниках
земляника|NOUN,землянике
земляника|NOUN,земляники
земляника|NOUN,земляникой
земляника|NOUN,земляникою
земляника|NOUN,землянику
зеркальный|ADJF,зеркален
зеркальный|ADJF,зеркальна
зеркальный|ADJF,зеркальная
зеркальный|ADJF,зеркальнее
зеркальный|ADJF,зеркальней
зеркальный|ADJF,зеркальнейшая
зеркальный|ADJF,зеркальнейшего
зеркальный|ADJF,зеркальнейшее
зеркальный|ADJF,зеркальнейшей
зеркальный|ADJF,зеркальнейшем
зеркальный|ADJF,зеркальнейшему
зеркальный|ADJF,зеркальнейшею
зеркальный|ADJF,зеркальнейшие
зеркальный|ADJF,зеркальнейший
зеркальный|ADJF,зеркальнейшим
зеркальный|ADJF,зеркальнейшими
зеркальный|ADJF,зеркальнейших
зеркальный|ADJF,зеркальнейшую
зеркальный|ADJF,зеркально
зеркальный|ADJF,зеркального
зеркальный|ADJF,зеркальное
зеркальный|ADJF,зеркальной
зеркальный|ADJF,зеркальном
зеркальный|ADJF,зеркальному
зеркальный|ADJF,зеркальною
зеркальный|ADJF,зеркальную
зеркальный|ADJF,зеркальны
зеркальный|ADJF,зеркальные
зеркальный|ADJF,зеркальный
зеркальный|ADJF,зеркальным
зеркальный|ADJF,зеркальными
зеркальный|ADJF,зеркальных
зеркальный|ADJF,позеркальнее
зеркальный|ADJF,позеркальней
зерно|NOUN,зерен
зерно|NOUN,зерна
зерно|NOUN,зернам
зерно|NOUN,зернами
зерно|NOUN,зернах
зерно|NOUN,зерне
зерно|NOUN,зерно
зерно|NOUN,зерном
зерно|NOUN,зерну
зерновой|ADJF,зерновая
зерновой|ADJF,зерновее
зерновой|ADJF,зерновей
зерновой|ADJF,зернового
зерновой|ADJF,зерновое
зерновой|ADJF,зерновой
зерновой|ADJF,зерновом
зерновой|ADJF,зерновому
зерновой|ADJF,зерновою
зерновой|ADJF,зерновую
зерновой|ADJF,зерновые
зерновой|ADJF,зерновым
зерновой|ADJF,зерновыми
зерновой|ADJF,зерновых
зерновой|ADJF,позерновее
зерновой|ADJF,позерновей
зира|NOUN,зир
зира|NOUN,зира
зира|NOUN,зирам
зира|NOUN,зирами
зира|NOUN,зирах
зира|NOUN,зире
зира|NOUN,зирой
зира|NOUN,зирою
зира|NOUN,зиру
зира|NOUN,зиры
иза|NOUN,иза
иза|NOUN,изам
иза|NOUN,изами
иза|NOUN,изах
иза|NOUN,изе
иза|NOUN,изой
иза|NOUN,изою
иза|NOUN,изу
иза|NOUN,изы
изделие|NOUN,изделие
изделие|NOUN,изделием
изделие|NOUN,изделии
изделие|NOUN,изделий
изделие|NOUN,изделию
изделие|NOUN,изделия
изделие|NOUN,изделиям
изделие|NOUN,изделиями
изделие|NOUN,изделиях
изделие|NOUN,изделье
изделие|NOUN,издельем
изделие|NOUN,издельи
изделие|NOUN,изделью
изделие|NOUN,изделья
изделие|NOUN,издельям
изделие|NOUN,издельями
изделие|NOUN,издельях
изюм|NOUN,изюм
изюм|NOUN,изюма
изюм|NOUN,изюмам
изюм|NOUN,изюмами
изюм|NOUN,изюмах
изюм|NOUN,изюме
изюм|NOUN,изюмов
изюм|NOUN,изюмом
изюм|NOUN,изюму
изюм|NOUN,изюмы
икра|NOUN,икр
икра|NOUN,икра
икра|NOUN,икрам
икра|NOUN,икрами
икра|NOUN,икрах
икра|NOUN,икре
икра|NOUN,икрой
икра|NOUN,икрою
икра|NOUN,икру
икра|NOUN,икры
имбирь|NOUN,имбире
имбирь|NOUN,имбирей
имбирь|NOUN,имбирем
имбирь|NOUN,имбири
имбирь|NOUN,имбирь
имбирь|NOUN,имбирю
имбирь|NOUN,имбиря
имбирь|NOUN,имбирям
имбирь|NOUN,имбирями
имбирь|NOUN,имбирях
индейка|NOUN,индеек
индейка|NOUN,индейка
индейка|NOUN,индейкам
индейка|NOUN,индейками
индейка|NOUN,индейках
индейка|NOUN,индейке
индейка|NOUN,индейки
индейка|NOUN,индейкой
индейка|NOUN,индейкою
индейка|NOUN,индейку
инжир|NOUN,инжир
инжир|NOUN,инжира
инжир|NOUN,инжирам
инжир|NOUN,инжирами
инжир|NOUN,инжирах
инжир|NOUN,инжире
инжир|NOUN,инжиров
инжир|NOUN,инжиром
инжир|NOUN,инжиру
инжир|NOUN,инжиры
йогурт|NOUN,йогурт
йогурт|NOUN,йогурта
йогурт|NOUN,йогуртам
йогурт|NOUN,йогуртами
йогурт|NOUN,йогуртах
йогурт|NOUN,йогурте
йогурт|NOUN,йогуртов
йогурт|NOUN,йогуртом
йогурт|NOUN,йогурту
йогурт|NOUN,йогурты
кабачок|NOUN,кабачка
кабачок|NOUN,кабачкам
кабачок|NOUN,кабачками
кабачок|NOUN,кабачках
кабачок|NOUN,кабачке
кабачок|NOUN,кабачки
кабачок|NOUN,кабачков
кабачок|NOUN,кабачком
кабачок|NOUN,кабачку
кабачок|NOUN,кабачок
кайенский|ADJF,кайенская
кайенский|ADJF,кайенские
кайенский|ADJF,кайенский
кайенский|ADJF,кайенским
кайенский|ADJF,кайенскими
кайенский|ADJF,кайенских
кайенский|ADJF,кайенского
кайенский|ADJF,кайенское
кайенский|ADJF,кайенской
кайенский|ADJF,кайенском
кайенский|ADJF,кайенскому
кайенский|ADJF,кайенскою
кайенский|ADJF,кайенскую
каймак|NOUN,каймак
каймак|NOUN,каймака
каймак|NOUN,каймакам
каймак|NOUN,каймаками
каймак|NOUN,каймаках
каймак|NOUN,каймаке
каймак|NOUN,каймаки
каймак|NOUN,каймаков
каймак|NOUN,каймаком
каймак|NOUN,каймаку
какао|NOUN,какао
кальмар|NOUN,кальмар
кальмар|NOUN,кальмара
кальмар|NOUN,кальмарам
кальмар|NOUN,кальмарами
кальмар|NOUN,кальмарах
кальмар|NOUN,кальмаре
кальмар|NOUN,кальмаров
кальмар|NOUN,кальмаром
кальмар|NOUN,кальмару
кальмар|NOUN,кальмары
камамбер|NOUN,камамбер
камамбер|NOUN,камамбера
камамбер|NOUN,камамберам
камамбер|NOUN,камамберами
камамбер|NOUN,камамберах
камамбер|NOUN,камамбере
камамбер|NOUN,камамберов
камамбер|NOUN,камамбером
камамбер|NOUN,камамберу
камамбер|NOUN,камамберы
камбала|NOUN,камбал
камбала|NOUN,камбала
камбала|NOUN,камбалам
камбала|NOUN,камбалами
камбала|NOUN,камбалах
камбала|NOUN,камбале
камбала|NOUN,камбалой
камбала|NOUN,камбалою
камбала|NOUN,камбалу
камбала|NOUN,камбалы
камчатский|ADJF,камчатская
камчатский|ADJF,камчатские
камчатский|ADJF,камчатский
камчатский|ADJF,камчатским
камчатский|ADJF,камчатскими
камчатский|ADJF,камчатских
камчатский|ADJF,камчатского
камчатский|ADJF,камчатское
камчатский|ADJF,камчатской
камчатский|ADJF,камчатском
камчатский|ADJF,камчатскому
камчатский|ADJF,камчатскою
камчатский|ADJF,камчатскую
капсула|NOUN,капсул
капсула|NOUN,капсула
капсула|NOUN,капсулам
капсула|NOUN,капсулами
капсула|NOUN,капсулах
капсула|NOUN,капсуле
капсула|NOUN,капсулой
капсула|NOUN,капсулою
капсула|NOUN,капсулу
капсула|NOUN,капсулы
капуста|NOUN,капуст
капуста|NOUN,капуста
капуста|NOUN,капустам
капуста|NOUN,капустами
капуста|NOUN,капустах
капуста|NOUN,капусте
капуста|NOUN,капустой
капуста|NOUN,капустою
капуста|NOUN,капусту
капуста|NOUN,капусты
карась|NOUN,карасе
карась|NOUN,карасей
карась|NOUN,карасем
карась|NOUN,караси
карась|NOUN,карась
карась|NOUN,карасю
карась|NOUN,карася
карась|NOUN,карасям
карась|NOUN,карасями
карась|NOUN,карасях
кардамон|NOUN,кардамон
кардамон|NOUN,кардамона
кардамон|NOUN,кардамонам
кардамон|NOUN,кардамонами
кардамон|NOUN,кардамонах
кардамон|NOUN,кардамоне
кардамон|NOUN,кардамонов
кардамон|NOUN,кардамоном
кардамон|NOUN,кардамону
кардамон|NOUN,кардамоны
карп|NOUN,карп
карп|NOUN,карпа
карп|NOUN,карпам
карп|NOUN,карпами
карп|NOUN,карпах
карп|NOUN,карпе
карп|NOUN,карпов
карп|NOUN,карпом
карп|NOUN,карпу
карп|NOUN,карпы
карта|NOUN,карт
карта|NOUN,карта
карта|NOUN,картам
карта|NOUN,картами
карта|NOUN,картах
карта|NOUN,карте
карта|NOUN,картой
карта|NOUN,картою
карта|NOUN,карту
карта|NOUN,карты
картофель|NOUN,картофеле
картофель|NOUN,картофелей
картофель|NOUN,картофелем
картофель|NOUN,картофели
картофель|NOUN,картофель
картофель|NOUN,картофелю
картофель|NOUN,картофеля
картофель|NOUN,картофелям
картофель|NOUN,картофелями
картофель|NOUN,картофелях
картофельный|ADJF,картофелен
картофельный|ADJF,картофельна
картофельный|ADJF,картофельная
картофельный|ADJF,картофельнее
картофельный|ADJF,картофельней
картофельный|ADJF,картофельно
картофельный|ADJF,картофельного
картофельный|ADJF,картофельное
картофельный|ADJF,картофельной
картофельный|ADJF,картофельном
картофельный|ADJF,картофельному
картофельный|ADJF,картофельною
картофельный|ADJF,картофельную
картофельный|ADJF,картофельны
картофельный|ADJF,картофельные
картофельный|ADJF,картофельный
картофельный|ADJF,картофельным
картофельный|ADJF,картофельными
картофельный|ADJF,картофельных
картофельный|ADJF,покартофельнее
картофельный|ADJF,покартофельней
квас|NOUN,квас
квас|NOUN,кваса
квас|NOUN,квасам
квас|NOUN,квасами
квас|NOUN,квасах
квас|NOUN,квасе
квас|NOUN,квасов
квас|NOUN,квасом
квас|NOUN,квасу
квас|NOUN,квасы
квашеный|ADJF,квашен
квашеный|ADJF,квашена
квашеный|ADJF,квашеная
квашеный|ADJF,квашенее
квашеный|ADJF,квашеней
квашеный|ADJF,квашено
квашеный|ADJF,квашеного
квашеный|ADJF,квашеное
квашеный|ADJF,квашеной
квашеный|ADJF,квашеном
квашеный|ADJF,квашеному
квашеный|ADJF,квашеною
квашеный|ADJF,квашеную
квашеный|ADJF,квашены
квашеный|ADJF,квашеные
квашеный|ADJF,квашеный
квашеный|ADJF,квашеным
квашеный|ADJF,квашеными
квашеный|ADJF,квашеных
квашеный|ADJF,поквашенее
квашеный|ADJF,поквашеней
кедровый|ADJF,кедров
кедровый|ADJF,кедрова
кедровый|ADJF,кедровая
кедровый|ADJF,кедровее
кедровый|ADJF,кедровей
кедровый|ADJF,кедрово
кедровый|ADJF,кедрового
кедровый|ADJF,кедровое
кедровый|ADJF,кедровой
кедровый|ADJF,кедровом
кедровый|ADJF,кедровому
кедровый|ADJF,кедровою
кедровый|ADJF,кедровую
кедровый|ADJF,кедровы
кедровый|ADJF,кедровые
кедровый|ADJF,кедровый
кедровый|ADJF,кедровым
кедровый|ADJF,кедровыми
кедровый|ADJF,кедровых
кедровый|ADJF,покедровее
кедровый|ADJF,покедровей
кета|NOUN,кет
кета|NOUN,кета
кета|NOUN,кетам
кета|NOUN,кетами
кета|NOUN,кетах
кета|NOUN,кете
кета|NOUN,кетой
кета|NOUN,кетою
кета|NOUN,кету
кета|NOUN,кеты
кетчуп|NOUN,кетчуп
кетчуп|NOUN,кетчупа
кетчуп|NOUN,кетчупам
кетчуп|NOUN,кетчупами
кетчуп|NOUN,кетчупах
кетчуп|NOUN,кетчупе
кетчуп|NOUN,кетчупов
кетчуп|NOUN,кетчупом
кетчуп|NOUN,кетчупу
кетчуп|NOUN,кетчупы
кефаль|NOUN,кефалей
кефаль|NOUN,кефали
кефаль|NOUN,кефаль
кефаль|NOUN,кефалью
кефаль|NOUN,кефалям
кефаль|NOUN,кефалями
кефаль|NOUN,кефалях
кефир|NOUN,кефир
кефир|NOUN,кефира
кефир|NOUN,кефирам
кефир|NOUN,кефирами
кефир|NOUN,кефирах
кефир|NOUN,кефире
кефир|NOUN,кефиров
кефир|NOUN,кефиром
кефир|NOUN,кефиру
кефир|NOUN,кефиры
кешью|NOUN,кешью
киви|NOUN,киви
кизил|NOUN,кизил
кизил|NOUN,кизила
кизил|NOUN,кизилам
кизил|NOUN,кизилами
кизил|NOUN,кизилах
кизил|NOUN,кизиле
кизил|NOUN,кизилов
кизил|NOUN,кизилом
кизил|NOUN,кизилу
кизил|NOUN,кизилы
кишмиш|NOUN,кишмиш
кишмиш|NOUN,кишмиша
кишмиш|NOUN,кишмишам
кишмиш|NOUN,кишмишами
кишмиш|NOUN,кишмишах
кишмиш|NOUN,кишмише
кишмиш|NOUN,кишмишей
кишмиш|NOUN,кишмишем
кишмиш|NOUN,кишмиши
кишмиш|NOUN,кишмишом
кишмиш|NOUN,кишмишу
клементина|NOUN,клементин
клементина|NOUN,клементина
клементина|NOUN,клементинам
клементина|NOUN,клементинами
клементина|NOUN,клементинах
клементина|NOUN,клементине
клементина|NOUN,клементиной
клементина|NOUN,клементиною
клементина|NOUN,клементину
клементина|NOUN,клементины
клубника|NOUN,клубник
клубника|NOUN,клубника
клубника|NOUN,клубникам
клубника|NOUN,клубниками
клубника|NOUN,клубниках
клубника|NOUN,клубнике
клубника|NOUN,клубники
клубника|NOUN,клубникой
клубника|NOUN,клубникою
клубника|NOUN,клубнику
клубничный|ADJF,клубничен
клубничный|ADJF,клубнична
клубничный|ADJF,клубничная
клубничный|ADJF,клубничнее
клубничный|ADJF,клубничней
клубничный|ADJF,клубнично
клубничный|ADJF,клубничного
клубничный|ADJF,клубничное
клубничный|ADJF,клубничной
клубничный|ADJF,клубничном
клубничный|ADJF,клубничному
клубничный|ADJF,клубничною
клубничный|ADJF,клубничную
клубничный|ADJF,клубничны
клубничный|ADJF,клубничные
клубничный|ADJF,клубничный
клубничный|ADJF,клубничным
клубничный|ADJF,клубничными
клубничный|ADJF,клубничных
клубничный|ADJF,поклубничнее
клубничный|ADJF,поклубничней
клюква|NOUN,клюкв
клюква|NOUN,клюква
клюква|NOUN,клюквам
клюква|NOUN,клюквами
клюква|NOUN,клюквах
клюква|NOUN,клюкве
клюква|NOUN,клюквой
клюква|NOUN,клюквою
клюква|NOUN,клюкву
клюква|NOUN,клюквы
кобылий|ADJF,кобылий
кобылий|ADJF,кобылье
кобылий|ADJF,кобыльего
кобылий|ADJF,кобыльей
кобылий|ADJF,кобыльем
кобылий|ADJF,кобыльему
кобылий|ADJF,кобыльею
кобылий|ADJF,кобыльи
кобылий|ADJF,кобыльим
кобылий|ADJF,кобыльими
кобылий|ADJF,кобыльих
кобылий|ADJF,кобылью
кобылий|ADJF,кобылья
козий|ADJF,козий
козий|ADJF,козье
козий|ADJF,козьего
козий|ADJF,козьей
козий|ADJF,козьем
козий|ADJF,козьему
козий|ADJF,козьею
козий|ADJF,козьи
козий|ADJF,козьим
козий|ADJF,козьими
козий|ADJF,козьих
козий|ADJF,козью
козий|ADJF,козья
козлятина|NOUN,козлятин
козлятина|NOUN,козлятина
козлятина|NOUN,козлятинам
козлятина|NOUN,козлятинами
козлятина|NOUN,козлятинах
козлятина|NOUN,козлятине
козлятина|NOUN,козлятиной
козлятина|NOUN,козлятиною
козлятина|NOUN,козлятину
козлятина|NOUN,козлятины
кокос|NOUN,кокос
кокос|NOUN,кокоса
кокос|NOUN,кокосам
кокос|NOUN,кокосами
кокос|NOUN,кокосах
кокос|NOUN,кокосе
кокос|NOUN,кокосом
кокос|NOUN,кокосу
кокос|NOUN,кокосы
кокосовый|ADJF,кокосова
кокосовый|ADJF,кокосовая
кокосовый|ADJF,кокосовее
кокосовый|ADJF,кокосовей
кокосовый|ADJF,кокосово
кокосовый|ADJF,кокосового
кокосовый|ADJF,кокосовое
кокосовый|ADJF,кокосовой
кокосовый|ADJF,кокосовом
кокосовый|ADJF,кокосовому
кокосовый|ADJF,кокосовою
кокосовый|ADJF,кокосовую
кокосовый|ADJF,кокосовы
кокосовый|ADJF,кокосовые
кокосовый|ADJF,кокосовый
кокосовый|ADJF,кокосовым
кокосовый|ADJF,кокосовыми
кокосовый|ADJF,кокосовых
кокосовый|ADJF,пококосовее
кокосовый|ADJF,пококосовей
коктейль|NOUN,коктейле
коктейль|NOUN,коктейлей
коктейль|NOUN,коктейлем
коктейль|NOUN,коктейли
коктейль|NOUN,коктейль
коктейль|NOUN,коктейлю
коктейль|NOUN,коктейля
коктейль|NOUN,коктейлям
коктейль|NOUN,коктейлями
коктейль|NOUN,коктейлях
колотый|ADJF,колот
колотый|ADJF,колота
колотый|ADJF,колотая
колотый|ADJF,колотее
колотый|ADJF,колотей
колотый|ADJF,колото
колотый|ADJF,колотого
колотый|ADJF,колотое
колотый|ADJF,колотой
колотый|ADJF,колотом
колотый|ADJF,колотому
колотый|ADJF,колотою
колотый|ADJF,колотую
колотый|ADJF,колоты
колотый|ADJF,колотые
колотый|ADJF,колотый
колотый|ADJF,колотым
колотый|ADJF,колотыми
колотый|ADJF,колотых
колотый|ADJF,поколотее
колотый|ADJF,поколотей
колхозница|NOUN,колхозниц
колхозница|NOUN,колхозница
колхозница|NOUN,колхозницам
колхозница|NOUN,колхозницами
колхозница|NOUN,колхозницах
колхозница|NOUN,колхознице
колхозница|NOUN,колхозницей
колхозница|NOUN,колхозницею
колхозница|NOUN,колхозницу
колхозница|NOUN,колхозницы
командорский|ADJF,командорская
командорский|ADJF,командорские
командорский|ADJF,командорский
командорский|ADJF,командорским
командорский|ADJF,командорскими
командорский|ADJF,командорских
командорский|ADJF,командорского
командорский|ADJF,командорское
командорский|ADJF,командорской
командорский|ADJF,командорском
командорский|ADJF,командорскому
командорский|ADJF,командорскою
командорский|ADJF,командорскую
компот|NOUN,компот
компот|NOUN,компота
компот|NOUN,компотам
компот|NOUN,компотами
компот|NOUN,компотах
компот|NOUN,компоте
компот|NOUN,компотов
компот|NOUN,компотом
компот|NOUN,компоту
компот|NOUN,компоты
конина|NOUN,конин
конина|NOUN,конина
конина|NOUN,конинам
конина|NOUN,конинами
конина|NOUN,конинах
конина|NOUN,конине
конина|NOUN,кониной
конина|NOUN,кониною
конина|NOUN,конину
конина|NOUN,конины
конский|ADJF,конская
конский|ADJF,конские
конский|ADJF,конский
конский|ADJF,конским
конский|ADJF,конскими
конский|ADJF,конских
конский|ADJF,конского
конский|ADJF,конское
конский|ADJF,конской
конский|ADJF,конском
конский|ADJF,конскому
конский|ADJF,конскою
конский|ADJF,конскую
копченый|ADJF,копчен
копченый|ADJF,копчена
копченый|ADJF,копченая
копченый|ADJF,копченее
копченый|ADJF,копченей
копченый|ADJF,копчено
копченый|ADJF,копченого
копченый|ADJF,копченое
копченый|ADJF,копченой
копченый|ADJF,копченом
копченый|ADJF,копченому
копченый|ADJF,копченою
копченый|ADJF,копченую
копченый|ADJF,копчены
копченый|ADJF,копченые
копченый|ADJF,копченый
копченый|ADJF,копченым
копченый|ADJF,копчеными
копченый|ADJF,копченых
копченый|ADJF,покопченее
копченый|ADJF,покопченей
корейка|NOUN,кореек
корейка|NOUN,корейка
корейка|NOUN,корейкам
корейка|NOUN,корейками
корейка|NOUN,корейках
корейка|NOUN,корейке
корейка|NOUN,корейки
корейка|NOUN,корейкой
корейка|NOUN,корейкою
корейка|NOUN,корейку
корень|NOUN,корень
корень|NOUN,корне
корень|NOUN,корней
корень|NOUN,корнем
корень|NOUN,корни
корень|NOUN,корню
корень|NOUN,корня
корень|NOUN,корням
корень|NOUN,корнями
корень|NOUN,корнях
кориандр|NOUN,кориандр
кориандр|NOUN,кориандра
кориандр|NOUN,кориандрам
кориандр|NOUN,кориандрами
кориандр|NOUN,кориандрах
кориандр|NOUN,кориандре
кориандр|NOUN,кориандров
кориандр|NOUN,кориандром
кориандр|NOUN,кориандру
кориандр|NOUN,кориандры
корица|NOUN,кориц
корица|NOUN,корица
корица|NOUN,корицам
корица|NOUN,корицами
корица|NOUN,корицах
корица|NOUN,корице
корица|NOUN,корицей
корица|NOUN,корицею
корица|NOUN,корицу
корица|NOUN,корицы
коричневый|ADJF,коричнев
коричневый|ADJF,коричнева
коричневый|ADJF,коричневая
коричневый|ADJF,коричневее
коричневый|ADJF,коричневей
коричневый|ADJF,коричневейшая
коричневый|ADJF,коричневейшего
коричневый|ADJF,коричневейшее
коричневый|ADJF,коричневейшей
коричневый|ADJF,коричневейшем
коричневый|ADJF,коричневейшему
коричневый|ADJF,коричневейшею
коричневый|ADJF,коричневейшие
коричневый|ADJF,коричневейший
коричневый|ADJF,коричневейшим
коричневый|ADJF,коричневейшими
коричневый|ADJF,коричневейших
коричневый|ADJF,коричневейшую
коричневый|ADJF,коричнево
коричневый|ADJF,коричневого
коричневый|ADJF,коричневое
коричневый|ADJF,коричневой
коричневый|ADJF,коричневом
коричневый|ADJF,коричневому
коричневый|ADJF,коричневою
коричневый|ADJF,коричневую
коричневый|ADJF,коричневы
коричневый|ADJF,коричневые
коричневый|ADJF,коричневый
коричневый|ADJF,коричневым
коричневый|ADJF,коричневыми
коричневый|ADJF,коричневых
коричневый|ADJF,покоричневее
коричневый|ADJF,покоричневей
корнишон|NOUN,корнишон
корнишон|NOUN,корнишона
корнишон|NOUN,корнишонам
корнишон|NOUN,корнишонами
корнишон|NOUN,корнишонах
корнишон|NOUN,корнишоне
корнишон|NOUN,корнишонов
корнишон|NOUN,корнишоном
корнишон|NOUN,корнишону
корнишон|NOUN,корнишоны
коровий|ADJF,коровий
коровий|ADJF,коровье
коровий|ADJF,коровьего
коровий|ADJF,коровьей
коровий|ADJF,коровьем
коровий|ADJF,коровьему
коровий|ADJF,коровьею
коровий|ADJF,коровьи
коровий|ADJF,коровьим
коровий|ADJF,коровьими
коровий|ADJF,коровьих
коровий|ADJF,коровью
коровий|ADJF,коровья
королевский|ADJF,королевская
королевский|ADJF,королевские
королевский|ADJF,королевский
королевский|ADJF,королевским
королевский|ADJF,королевскими
королевский|ADJF,королевских
королевский|ADJF,королевского
королевский|ADJF,королевское
королевский|ADJF,королевской
королевский|ADJF,королевском
королевский|ADJF,королевскому
королевский|ADJF,королевскою
королевский|ADJF,королевскую
корюшка|NOUN,корюшек
корюшка|NOUN,корюшка
корюшка|NOUN,корюшкам
корюшка|NOUN,корюшками
корюшка|NOUN,корюшках
корюшка|NOUN,корюшке
корюшка|NOUN,корюшки
корюшка|NOUN,корюшкой
корюшка|NOUN,корюшкою
корюшка|NOUN,корюшку
косичка|NOUN,косичек
косичка|NOUN,косичка
косичка|NOUN,косичкам
косичка|NOUN,косичками
косичка|NOUN,косичках
косичка|NOUN,косичке
косичка|NOUN,косички
косичка|NOUN,косичкой
косичка|NOUN,косичкою
косичка|NOUN,косичку
косточка|NOUN,косточек
косточка|NOUN,косточка
косточка|NOUN,косточкам
косточка|NOUN,косточками
косточка|NOUN,косточках
косточка|NOUN,косточке
косточка|NOUN,косточки
косточка|NOUN,косточкой
косточка|NOUN,косточкою
косточка|NOUN,косточку
кострец|NOUN,кострец
кострец|NOUN,костреца
кострец|NOUN,кострецам
кострец|NOUN,кострецами
кострец|NOUN,кострецах
кострец|NOUN,костреце
кострец|NOUN,кострецов
кострец|NOUN,кострецом
кострец|NOUN,кострецу
кострец|NOUN,кострецы
кость|NOUN,костей
кость|NOUN,кости
кость|NOUN,кость
кость|NOUN,костьми
кость|NOUN,костью
кость|NOUN,костям
кость|NOUN,костями
кость|NOUN,костях
кофе|NOUN,кофе
кофейный|ADJF,кофейная
кофейный|ADJF,кофейнее
кофейный|ADJF,кофейней
кофейный|ADJF,кофейного
кофейный|ADJF,кофейное
кофейный|ADJF,кофейной
кофейный|ADJF,кофейном
кофейный|ADJF,кофейному
кофейный|ADJF,кофейною
кофейный|ADJF,кофейную
кофейный|ADJF,кофейные
кофейный|ADJF,кофейный
кофейный|ADJF,кофейным
кофейный|ADJF,кофейными
кофейный|ADJF,кофейных
кофейный|ADJF,покофейнее
кофейный|ADJF,покофейней
краб|NOUN,краб
краб|NOUN,краба
краб|NOUN,крабам
краб|NOUN,крабами
краб|NOUN,крабах
краб|NOUN,крабе
краб|NOUN,крабов
краб|NOUN,крабом
краб|NOUN,крабу
краб|NOUN,крабы
краснокочанный|ADJF,краснокочанная
краснокочанный|ADJF,краснокочанного
краснокочанный|ADJF,краснокочанное
краснокочанный|ADJF,краснокочанной
краснокочанный|ADJF,краснокочанном
краснокочанный|ADJF,краснокочанному
краснокочанный|ADJF,краснокочанною
краснокочанный|ADJF,краснокочанную
краснокочанный|ADJF,краснокочанные
краснокочанный|ADJF,краснокочанный
краснокочанный|ADJF,краснокочанным
краснокочанный|ADJF,краснокочанными
краснокочанный|ADJF,краснокочанных
красный|ADJF,красен
красный|ADJF,красна
красный|ADJF,красная
красный|ADJF,краснее
красный|ADJF,красней
красный|ADJF,краснейшая
красный|ADJF,краснейшего
красный|ADJF,краснейшее
красный|ADJF,краснейшей
красный|ADJF,краснейшем
красный|ADJF,краснейшему
красный|ADJF,краснейшею
красный|ADJF,краснейшие
красный|ADJF,краснейший
красный|ADJF,краснейшим
красный|ADJF,краснейшими
красный|ADJF,краснейших
красный|ADJF,краснейшую
красный|ADJF,красно
красный|ADJF,красного
красный|ADJF,красное
красный|ADJF,красной
красный|ADJF,красном
красный|ADJF,красному
красный|ADJF,красною
красный|ADJF,красную
красный|ADJF,красны
красный|ADJF,красные
красный|ADJF,красный
красный|ADJF,красным
красный|ADJF,красными
красный|ADJF,красных
красный|ADJF,покраснее
красный|ADJF,покрасней
крахмал|NOUN,крахмал
крахмал|NOUN,крахмала
крахмал|NOUN,крахмалам
крахмал|NOUN,крахмалами
крахмал|NOUN,крахмалах
крахмал|NOUN,крахмале
крахмал|NOUN,крахмалов
крахмал|NOUN,крахмалом
крахмал|NOUN,крахмалу
крахмал|NOUN,крахмалы
креветка|NOUN,креветка
креветка|NOUN,креветкам
креветка|NOUN,креветками
креветка|NOUN,креветках
креветка|NOUN,креветке
креветка|NOUN,креветки
креветка|NOUN,креветкой
креветка|NOUN,креветкою
креветка|NOUN,креветку
креветка|NOUN,креветок
крем|NOUN,крем
крем|NOUN,крема
крем|NOUN,кремам
крем|NOUN,кремами
крем|NOUN,кремах
крем|NOUN,креме
крем|NOUN,кремов
крем|NOUN,кремом
крем|NOUN,крему
крем|NOUN,кремы
кролик|NOUN,кролик
кролик|NOUN,кролика
кролик|NOUN,кроликам
кролик|NOUN,кроликами
кролик|NOUN,кроликах
кролик|NOUN,кролике
кролик|NOUN,кролики
кролик|NOUN,кроликов
кролик|NOUN,кроликом
кролик|NOUN,кролику
кроличий|ADJF,кроличий
кроличий|ADJF,кроличье
кроличий|ADJF,кроличьего
кроличий|ADJF,кроличьей
кроличий|ADJF,кроличьем
кроличий|ADJF,кроличьему
кроличий|ADJF,кроличьею
кроличий|ADJF,кроличьи
кроличий|ADJF,кроличьим
кроличий|ADJF,кроличьими
кроличий|ADJF,кроличьих
кроличий|ADJF,кроличью
кроличий|ADJF,кроличья
крупа|NOUN,круп
крупа|NOUN,крупа
крупа|NOUN,крупам
крупа|NOUN,крупами
крупа|NOUN,крупах
крупа|NOUN,крупе
крупа|NOUN,крупой
крупа|NOUN,крупою
крупа|NOUN,крупу
крупа|NOUN,крупы
крупный|ADJF,крупен
крупный|ADJF,крупна
крупный|ADJF,крупная
крупный|ADJF,крупнее
крупный|ADJF,крупней
крупный|ADJF,крупнейшая
крупный|ADJF,крупнейшего
крупный|ADJF,крупнейшее
крупный|ADJF,крупнейшей
крупный|ADJF,крупнейшем
крупный|ADJF,крупнейшему
крупный|ADJF,крупнейшею
крупный|ADJF,крупнейшие
крупный|ADJF,крупнейший
крупный|ADJF,крупнейшим
крупный|ADJF,крупнейшими
крупный|ADJF,крупнейших
крупный|ADJF,крупнейшую
крупный|ADJF,крупно
крупный|ADJF,крупного
крупный|ADJF,крупное
крупный|ADJF,крупной
крупный|ADJF,крупном
крупный|ADJF,крупному
крупный|ADJF,крупною
крупный|ADJF,крупную
крупный|ADJF,крупны
крупный|ADJF,крупные
крупный|ADJF,крупный
крупный|ADJF,крупным
крупный|ADJF,крупными
крупный|ADJF,крупных
крупный|ADJF,наикрупнейшая
крупный|ADJF,наикрупнейшего
крупный|ADJF,наикрупнейшее
крупный|ADJF,наикрупнейшей
крупный|ADJF,наикрупнейшем
крупный|ADJF,наикрупнейшему
крупный|ADJF,наикрупнейшею
крупный|ADJF,наикрупнейшие
крупный|ADJF,наикрупнейший
крупный|ADJF,наикрупнейшим
крупный|ADJF,наикрупнейшими
крупный|ADJF,наикрупнейших
крупный|ADJF,наикрупнейшую
крупный|ADJF,покрупнее
крупный|ADJF,покрупней
крыжовник|NOUN,крыжовник
крыжовник|NOUN,крыжовника
крыжовник|NOUN,крыжовникам
крыжовник|NOUN,крыжовниками
крыжовник|NOUN,крыжовниках
крыжовник|NOUN,крыжовнике
крыжовник|NOUN,крыжовники
крыжовник|NOUN,крыжовников
крыжовник|NOUN,крыжовником
крыжовник|NOUN,крыжовнику
крыло|NOUN,крыл
крыло|NOUN,крыла
крыло|NOUN,крылам
крыло|NOUN,крылами
крыло|NOUN,крылах
крыло|NOUN,крыле
крыло|NOUN,крыло
крыло|NOUN,крылом
крыло|NOUN,крылу
крыло|NOUN,крыльев
крыло|NOUN,крылья
крыло|NOUN,крыльям
крыло|NOUN,крыльями
крыло|NOUN,крыльях
крылышко|NOUN,крылышек
крылышко|NOUN,крылышка
крылышко|NOUN,крылышкам
крылышко|NOUN,крылышками
крылышко|NOUN,крылышках
крылышко|NOUN,крылышке
крылышко|NOUN,крылышки
крылышко|NOUN,крылышко
крылышко|NOUN,крылышком
крылышко|NOUN,крылышку
кукуруза|NOUN,кукуруз
кукуруза|NOUN,кукуруза
кукуруза|NOUN,кукурузам
кукуруза|NOUN,кукурузами
кукуруза|NOUN,кукурузах
кукуруза|NOUN,кукурузе
кукуруза|NOUN,кукурузой
кукуруза|NOUN,кукурузою
кукуруза|NOUN,кукурузу
кукуруза|NOUN,кукурузы
кукурузный|ADJF,кукурузен
кукурузный|ADJF,кукурузна
кукурузный|ADJF,кукурузная
кукурузный|ADJF,кукурузнее
кукурузный|ADJF,кукурузней
кукурузный|ADJF,кукурузно
кукурузный|ADJF,кукурузного
кукурузный|ADJF,кукурузное
кукурузный|ADJF,кукурузной
кукурузный|ADJF,кукурузном
кукурузный|ADJF,кукурузному
кукурузный|ADJF,кукурузною
кукурузный|ADJF,кукурузную
кукурузный|ADJF,кукурузны
кукурузный|ADJF,кукурузные
кукурузный|ADJF,кукурузный
кукурузный|ADJF,кукурузным
кукурузный|ADJF,кукурузными
кукурузный|ADJF,кукурузных
кукурузный|ADJF,покукурузнее
кукурузный|ADJF,покукурузней
кумыс|NOUN,кумыс
кумыс|NOUN,кумыса
кумыс|NOUN,кумысам
кумыс|NOUN,кумысами
кумыс|NOUN,кумысах
кумыс|NOUN,кумысе
кумыс|NOUN,кумысов
кумыс|NOUN,кумысом
кумыс|NOUN,кумысу
кумыс|NOUN,кумысы
кунжут|NOUN,кунжут
кунжут|NOUN,кунжута
кунжут|NOUN,кунжутам
кунжут|NOUN,кунжутами
кунжут|NOUN,кунжутах
кунжут|NOUN,кунжуте
кунжут|NOUN,кунжутов
кунжут|NOUN,кунжутом
кунжут|NOUN,кунжуту
кунжут|NOUN,кунжуты
кунжутный|ADJF,кунжутен
кунжутный|ADJF,кунжутна
кунжутный|ADJF,кунжутная
кунжутный|ADJF,кунжутнее
кунжутный|ADJF,кунжутней
кунжутный|ADJF,кунжутно
кунжутный|ADJF,кунжутного
кунжутный|ADJF,кунжутное
кунжутный|ADJF,кунжутной
кунжутный|ADJF,кунжутном
кунжутный|ADJF,кунжутному
кунжутный|ADJF,кунжутною
кунжутный|ADJF,кунжутную
кунжутный|ADJF,кунжутны
кунжутный|ADJF,кунжутные
кунжутный|ADJF,кунжутный
кунжутный|ADJF,кунжутным
кунжутный|ADJF,кунжутными
кунжутный|ADJF,кунжутных
кунжутный|ADJF,покунжутнее
кунжутный|ADJF,покунжутней
курага|NOUN,курага
курага|NOUN,кураге
курага|NOUN,кураги
курага|NOUN,курагой
курага|NOUN,курагою
курага|NOUN,курагу
курдюк|NOUN,курдюк
курдюк|NOUN,курдюка
курдюк|NOUN,курдюкам
курдюк|NOUN,курдюками
курдюк|NOUN,курдюках
курдюк|NOUN,курдюке
курдюк|NOUN,курдюки
курдюк|NOUN,курдюков
курдюк|NOUN,курдюком
курдюк|NOUN,курдюку
курдючный|ADJF,курдючен
курдючный|ADJF,курдючна
курдючный|ADJF,курдючная
курдючный|ADJF,курдючнее
курдючный|ADJF,курдючней
курдючный|ADJF,курдючно
курдючный|ADJF,курдючного
курдючный|ADJF,курдючное
курдючный|ADJF,курдючной
курдючный|ADJF,курдючном
курдючный|ADJF,курдючному
курдючный|ADJF,курдючною
курдючный|ADJF,курдючную
курдючный|ADJF,курдючны
курдючный|ADJF,курдючные
курдючный|ADJF,курдючный
курдючный|ADJF,курдючным
курдючный|ADJF,курдючными
курдючный|ADJF,курдючных
курдючный|ADJF,покурдючнее
курдючный|ADJF,покурдючней
куриный|ADJF,курин
куриный|ADJF,курина
куриный|ADJF,куриная
куриный|ADJF,куринее
куриный|ADJF,куриней
куриный|ADJF,курино
куриный|ADJF,куриного
куриный|ADJF,куриное
куриный|ADJF,куриной
куриный|ADJF,курином
куриный|ADJF,куриному
куриный|ADJF,куриною
куриный|ADJF,куриную
куриный|ADJF,курины
куриный|ADJF,куриные
куриный|ADJF,куриный
куриный|ADJF,куриным
куриный|ADJF,куриными
куриный|ADJF,куриных
куриный|ADJF,покуринее
куриный|ADJF,покуриней
курица|NOUN,кур
курица|NOUN,курам
курица|NOUN,курами
курица|NOUN,курах
курица|NOUN,куриц
курица|NOUN,курица
курица|NOUN,курицам
курица|NOUN,курицами
курица|NOUN,курицах
курица|NOUN,курице
курица|NOUN,курицей
курица|NOUN,курицею
курица|NOUN,курицу
курица|NOUN,курицы
курица|NOUN,куры
куркума|NOUN,куркум
куркума|NOUN,куркума
куркума|NOUN,куркумам
куркума|NOUN,куркумами
куркума|NOUN,куркумах
куркума|NOUN,куркуме
куркума|NOUN,куркумой
куркума|NOUN,куркумою
куркума|NOUN,куркуму
куркума|NOUN,куркумы
курт|NOUN,курт
курт|NOUN,курта
курт|NOUN,куртам
курт|NOUN,куртами
курт|NOUN,куртах
курт|NOUN,курте
курт|NOUN,куртов
курт|NOUN,куртом
курт|NOUN,курту
курт|NOUN,курты
кускус|NOUN,кускус
кускус|NOUN,кускуса
кускус|NOUN,кускусам
кускус|NOUN,кускусами
кускус|NOUN,кускусах
кускус|NOUN,кускусе
кускус|NOUN,кускусов
кускус|NOUN,кускусом
кускус|NOUN,кускусу
кускус|NOUN,кускусы
лаваш|NOUN,лаваш
лаваш|NOUN,лаваша
лаваш|NOUN,лавашам
лаваш|NOUN,лавашами
лаваш|NOUN,лавашах
лаваш|NOUN,лаваше
лаваш|NOUN,лавашей
лаваш|NOUN,лавашем
лаваш|NOUN,лаваши
лаваш|NOUN,лавашу
лавровый|ADJF,лавровая
лавровый|ADJF,лавровее
лавровый|ADJF,лавровей
лавровый|ADJF,лаврового
лавровый|ADJF,лавровое
лавровый|ADJF,лавровой
лавровый|ADJF,лавровом
лавровый|ADJF,лавровому
лавровый|ADJF,лавровою
лавровый|ADJF,лавровую
лавровый|ADJF,лавровые
лавровый|ADJF,лавровый
лавровый|ADJF,лавровым
лавровый|ADJF,лавровыми
лавровый|ADJF,лавровых
лавровый|ADJF,полавровее
лавровый|ADJF,полавровей
лазание|NOUN,лазание
лазание|NOUN,лазанием
лазание|NOUN,лазании
лазание|NOUN,лазаний
лазание|NOUN,лазанию
лазание|NOUN,лазания
лазание|NOUN,лазаниям
лазание|NOUN,лазаниями
лазание|NOUN,лазаниях
лазание|NOUN,лазанье
лазание|NOUN,лазаньем
лазание|NOUN,лазаньи
лазание|NOUN,лазанью
лазание|NOUN,лазанья
лазание|NOUN,лазаньям
лазание|NOUN,лазаньями
лазание|NOUN,лазаньях
лайм|NOUN,лайм
лайм|NOUN,лайма
лайм|NOUN,лаймам
лайм|NOUN,лаймами
лайм|NOUN,лаймах
лайм|NOUN,лайме
лайм|NOUN,лаймов
лайм|NOUN,лаймом
лайм|NOUN,лайму
лайм|NOUN,лаймы
лакедра|NOUN,лакедр
лакедра|NOUN,лакедра
лакедра|NOUN,лакедрам
лакедра|NOUN,лакедрами
лакедра|NOUN,лакедрах
лакедра|NOUN,лакедре
лакедра|NOUN,лакедрой
лакедра|NOUN,лакедрою
лакедра|NOUN,лакедру
лакедра|NOUN,лакедры
ламинария|NOUN,ламинарией
ламинария|NOUN,ламинариею
ламинария|NOUN,ламинарии
ламинария|NOUN,ламинарий
ламинария|NOUN,ламинарию
ламинария|NOUN,ламинария
ламинария|NOUN,ламинариям
ламинария|NOUN,ламинариями
ламинария|NOUN,ламинариях
лангустин|NOUN,лангустин
лангустин|NOUN,лангустина
лангустин|NOUN,лангустинам
лангустин|NOUN,лангустинами
лангустин|NOUN,лангустинах
лангустин|NOUN,лангустине
лангустин|NOUN,лангустинов
лангустин|NOUN,лангустином
лангустин|NOUN,лангустину
лангустин|NOUN,лангустины
лапка|NOUN,лапка
лапка|NOUN,лапкам
лапка|NOUN,лапками
лапка|NOUN,лапках
лапка|NOUN,лапке
лапка|NOUN,лапки
лапка|NOUN,лапкой
лапка|NOUN,лапкою
лапка|NOUN,лапку
лапка|NOUN,лапок
лапша|NOUN,лапша
лапша|NOUN,лапшам
лапша|NOUN,лапшами
лапша|NOUN,лапшах
лапша|NOUN,лапше
лапша|NOUN,лапшей
лапша|NOUN,лапши
лапша|NOUN,лапшой
лапша|NOUN,лапшою
лапша|NOUN,лапшу
латук|NOUN,латук
латук|NOUN,латука
латук|NOUN,латукам
латук|NOUN,латуками
латук|NOUN,латуках
латук|NOUN,латуке
латук|NOUN,латуки
латук|NOUN,латуков
латук|NOUN,латуком
латук|NOUN,латуку
легкий|ADJF,легка
легкий|ADJF,легкая
легкий|ADJF,легки
легкий|ADJF,легкие
легкий|ADJF,легкий
легкий|ADJF,легким
легкий|ADJF,легкими
легкий|ADJF,легких
легкий|ADJF,легко
легкий|ADJF,легкого
легкий|ADJF,легкое
легкий|ADJF,легкой
легкий|ADJF,легком
легкий|ADJF,легкому
легкий|ADJF,легкою
легкий|ADJF,легкую
легкий|ADJF,легок
легкий|ADJF,легчайшая
легкий|ADJF,легчайшего
легкий|ADJF,легчайшее
легкий|ADJF,легчайшей
легкий|ADJF,легчайшем
легкий|ADJF,легчайшему
легкий|ADJF,легчайшею
легкий|ADJF,легчайшие
легкий|ADJF,легчайший
легкий|ADJF,легчайшим
легкий|ADJF,легчайшими
легкий|ADJF,легчайших
легкий|ADJF,легчайшую
легкий|ADJF,легче
легкий|ADJF,полегче
лен|NOUN,лен
лен|NOUN,лена
лен|NOUN,ленам
лен|NOUN,ленами
лен|NOUN,ленах
лен|NOUN,лене
лен|NOUN,ленов
лен|NOUN,леном
лен|NOUN,лену
лен|NOUN,лены
лен|NOUN,льна
лен|NOUN,льнам
лен|NOUN,льнами
лен|NOUN,льнах
лен|NOUN,льне
лен|NOUN,льнов
лен|NOUN,льном
лен|NOUN,льну
лен|NOUN,льны
лепешка|NOUN,лепешек
лепешка|NOUN,лепешка
лепешка|NOUN,лепешкам
лепешка|NOUN,лепешками
лепешка|NOUN,лепешках
лепешка|NOUN,лепешке
лепешка|NOUN,лепешки
лепешка|NOUN,лепешкой
лепешка|NOUN,лепешкою
лепешка|NOUN,лепешку
лесной|ADJF,лесная
лесной|ADJF,леснее
лесной|ADJF,лесней
лесной|ADJF,лесного
лесной|ADJF,лесное
лесной|ADJF,лесной
лесной|ADJF,лесном
лесной|ADJF,лесному
лесной|ADJF,лесною
лесной|ADJF,лесную
лесной|ADJF,лесные
лесной|ADJF,лесным
лесной|ADJF,лесными
лесной|ADJF,лесных
лесной|ADJF,полеснее
лесной|ADJF,полесней
лещ|NOUN,лещ
лещ|NOUN,леща
лещ|NOUN,лещам
лещ|NOUN,лещами
лещ|NOUN,лещах
лещ|NOUN,леще
лещ|NOUN,лещей
лещ|NOUN,лещи
лещ|NOUN,лещом
лещ|NOUN,лещу
лимон|NOUN,лимон
лимон|NOUN,лимона
лимон|NOUN,лимонам
лимон|NOUN,лимонами
лимон|NOUN,лимонах
лимон|NOUN,лимоне
лимон|NOUN,лимонов
лимон|NOUN,лимоном
лимон|NOUN,лимону
лимон|NOUN,лимоны
лимонад|NOUN,лимонад
лимонад|NOUN,лимонада
лимонад|NOUN,лимонадам
лимонад|NOUN,лимонадами
лимонад|NOUN,лимонадах
лимонад|NOUN,лимонаде
лимонад|NOUN,лимонадов
лимонад|NOUN,лимонадом
лимонад|NOUN,лимонаду
лимонад|NOUN,лимонады
липовый|ADJF,липов
липовый|ADJF,липова
липовый|ADJF,липовая
липовый|ADJF,липовее
липовый|ADJF,липовей
липовый|ADJF,липово
липовый|ADJF,липового
липовый|ADJF,липовое
липовый|ADJF,липовой
липовый|ADJF,липовом
липовый|ADJF,липовому
липовый|ADJF,липовою
липовый|ADJF,липовую
липовый|ADJF,липовы
липовый|ADJF,липовые
липовый|ADJF,липовый
липовый|ADJF,липовым
липовый|ADJF,липовыми
липовый|ADJF,липовых
липовый|ADJF,полиповее
липовый|ADJF,полиповей
лисичка|NOUN,лисичек
лисичка|NOUN,лисичка
лисичка|NOUN,лисичкам
лисичка|NOUN,лисичками
лисичка|NOUN,лисичках
лисичка|NOUN,лисичке
лисичка|NOUN,лисички
лисичка|NOUN,лисичкой
лисичка|NOUN,лисичкою
лисичка|NOUN,лисичку
лист|NOUN,лист
лист|NOUN,листа
лист|NOUN,листам
лист|NOUN,листами
лист|NOUN,листах
лист|NOUN,листе
лист|NOUN,листов
лист|NOUN,листом
лист|NOUN,листу
лист|NOUN,листы
лист|NOUN,листьев
лист|NOUN,листья
лист|NOUN,листьям
лист|NOUN,листьями
лист|NOUN,листьях
листовой|ADJF,листовая
листовой|ADJF,листовее
листовой|ADJF,листовей
листовой|ADJF,листового
листовой|ADJF,листовое
листовой|ADJF,листовой
листовой|ADJF,листовом
листовой|ADJF,листовому
листовой|ADJF,листовою
листовой|ADJF,листовую
листовой|ADJF,листовые
листовой|ADJF,листовым
листовой|ADJF,листовыми
листовой|ADJF,листовых
листовой|ADJF,полистовее
листовой|ADJF,полистовей
лобстер|NOUN,лобстер
лобстер|NOUN,лобстера
лобстер|NOUN,лобстерам
лобстер|NOUN,лобстерами
лобстер|NOUN,лобстерах
лобстер|NOUN,лобстере
лобстер|NOUN,лобстеров
лобстер|NOUN,лобстером
лобстер|NOUN,лобстеру
лобстер|NOUN,лобстеры
лопатка|NOUN,лопатка
лопатка|NOUN,лопаткам
лопатка|NOUN,лопатками
лопатка|NOUN,лопатках
лопатка|NOUN,лопатке
лопатка|NOUN,лопатки
лопатка|NOUN,лопаткой
лопатка|NOUN,лопаткою
лопатка|NOUN,лопатку
лопатка|NOUN,лопаток
лососевый|ADJF,лососев
лососевый|ADJF,лососева
лососевый|ADJF,лососевая
лососевый|ADJF,лососевее
лососевый|ADJF,лососевей
лососевый|ADJF,лососево
лососевый|ADJF,лососевого
лососевый|ADJF,лососевое
лососевый|ADJF,лососевой
лососевый|ADJF,лососевом
лососевый|ADJF,лососевому
лососевый|ADJF,лососевою
лососевый|ADJF,лососевую
лососевый|ADJF,лососевы
лососевый|ADJF,лососевые
лососевый|ADJF,лососевый
лососевый|ADJF,лососевым
лососевый|ADJF,лососевыми
лососевый|ADJF,лососевых
лососевый|ADJF,полососевее
лососевый|ADJF,полососевей
лосось|NOUN,лососе
лосось|NOUN,лососей
лосось|NOUN,лососем
лосось|NOUN,лососи
лосось|NOUN,лосось
лосось|NOUN,лососю
лосось|NOUN,лосося
лосось|NOUN,лососям
лосось|NOUN,лососями
лосось|NOUN,лососях
лук|NOUN,лук
лук|NOUN,лука
лук|NOUN,лукам
лук|NOUN,луками
лук|NOUN,луках
лук|NOUN,луке
лук|NOUN,луки
лук|NOUN,луков
лук|NOUN,луком
лук|NOUN,луку
льняной|ADJF,льняная
льняной|ADJF,льнянее
льняной|ADJF,льняней
льняной|ADJF,льняного
льняной|ADJF,льняное
льняной|ADJF,льняной
льняной|ADJF,льняном
льняной|ADJF,льняному
льняной|ADJF,льняною
льняной|ADJF,льняную
льняной|ADJF,льняные
льняной|ADJF,льняным
льняной|ADJF,льняными
льняной|ADJF,льняных
льняной|ADJF,польнянее
льняной|ADJF,польняней
майонез|NOUN,майонез
майонез|NOUN,майонеза
майонез|NOUN,майонезам
майонез|NOUN,майонезами
майонез|NOUN,майонезах
майонез|NOUN,майонезе
майонез|NOUN,майонезов
майонез|NOUN,майонезом
майонез|NOUN,майонезу
майонез|NOUN,майонезы
мак|NOUN,мак
макаронный|ADJF,макаронен
макаронный|ADJF,макаронна
макаронный|ADJF,макаронная
макаронный|ADJF,макароннее
макаронный|ADJF,макаронней
макаронный|ADJF,макаронно
макаронный|ADJF,макаронного
макаронный|ADJF,макаронное
макаронный|ADJF,макаронной
макаронный|ADJF,макаронном
макаронный|ADJF,макаронному
макаронный|ADJF,макаронною
макаронный|ADJF,макаронную
макаронный|ADJF,макаронны
макаронный|ADJF,макаронные
макаронный|ADJF,макаронный
макаронный|ADJF,макаронным
макаронный|ADJF,макаронными
макаронный|ADJF,макаронных
макаронный|ADJF,помакароннее
макаронный|ADJF,помакаронней
макароны|NOUN,макарон
макароны|NOUN,макаронам
макароны|NOUN,макаронами
макароны|NOUN,макаронах
макароны|NOUN,макароны
малина|NOUN,малин
малина|NOUN,малина
малина|NOUN,малинам
малина|NOUN,малинами
малина|NOUN,малинах
малина|NOUN,малине
малина|NOUN,малиной
малина|NOUN,малиною
малина|NOUN,малину
малина|NOUN,малины
малиновый|ADJF,малинов
малиновый|ADJF,малинова
малиновый|ADJF,малиновая
малиновый|ADJF,малиновее
малиновый|ADJF,малиновей
малиновый|ADJF,малиновейшая
малиновый|ADJF,малиновейшего
малиновый|ADJF,малиновейшее
малиновый|ADJF,малиновейшей
малиновый|ADJF,малиновейшем
малиновый|ADJF,малиновейшему
малиновый|ADJF,малиновейшею
малиновый|ADJF,малиновейшие
малиновый|ADJF,малиновейший
малиновый|ADJF,малиновейшим
малиновый|ADJF,малиновейшими
малиновый|ADJF,малиновейших
малиновый|ADJF,малиновейшую
малиновый|ADJF,малиново
малиновый|ADJF,малинового
малиновый|ADJF,малиновое
малиновый|ADJF,малиновой
малиновый|ADJF,малиновом
малиновый|ADJF,малиновому
малиновый|ADJF,малиновою
малиновый|ADJF,малиновую
малиновый|ADJF,малиновы
малиновый|ADJF,малиновые
малиновый|ADJF,малиновый
малиновый|ADJF,малиновым
малиновый|ADJF,малиновыми
малиновый|ADJF,малиновых
малиновый|ADJF,помалиновее
малиновый|ADJF,помалиновей
манго|NOUN,манго
мандарин|NOUN,мандарин
мандарин|NOUN,мандарина
мандарин|NOUN,мандаринам
мандарин|NOUN,мандаринами
мандарин|NOUN,мандаринах
мандарин|NOUN,мандарине
мандарин|NOUN,мандаринов
мандарин|NOUN,мандарином
мандарин|NOUN,мандарину
мандарин|NOUN,мандарины
манка|NOUN,манка
манка|NOUN,манкам
манка|NOUN,манками
манка|NOUN,манках
манка|NOUN,манке
манка|NOUN,манки
манка|NOUN,манкой
манка|NOUN,манкою
манка|NOUN,манку
манка|NOUN,манок
манный|ADJF,манен
манный|ADJF,манна
манный|ADJF,манная
манный|ADJF,маннее
манный|ADJF,манней
манный|ADJF,манно
манный|ADJF,манного
манный|ADJF,манное
манный|ADJF,манной
манный|ADJF,манном
манный|ADJF,манному
манный|ADJF,манною
манный|ADJF,манную
манный|ADJF,манны
манный|ADJF,манные
манный|ADJF,манный
манный|ADJF,манным
манный|ADJF,манными
манный|ADJF,манных
манный|ADJF,поманнее
манный|ADJF,поманней
маракуйя|NOUN,маракуй
маракуйя|NOUN,маракуйе
маракуйя|NOUN,маракуйей
маракуйя|NOUN,маракуйею
маракуйя|NOUN,маракуйи
маракуйя|NOUN,маракуйю
маракуйя|NOUN,маракуйя
маракуйя|NOUN,маракуйям
маракуйя|NOUN,маракуйями
маракуйя|NOUN,маракуйях
марал|NOUN,марал
марал|NOUN,марала
марал|NOUN,маралам
марал|NOUN,маралами
марал|NOUN,маралах
марал|NOUN,марале
марал|NOUN,маралов
марал|NOUN,маралом
марал|NOUN,маралу
марал|NOUN,маралы
мариновать|PRTF,мариновавшая
мариновать|PRTF,мариновавшего
мариновать|PRTF,мариновавшее
мариновать|PRTF,мариновавшей
мариновать|PRTF,мариновавшем
мариновать|PRTF,мариновавшему
мариновать|PRTF,мариновавшею
мариновать|PRTF,мариновавши
мариновать|PRTF,мариновавшие
мариновать|PRTF,мариновавший
мариновать|PRTF,мариновавшим
мариновать|PRTF,мариновавшими
мариновать|PRTF,мариновавших
мариновать|PRTF,мариновавшую
мариновать|PRTF,мариновал
мариновать|PRTF,мариновала
мариновать|PRTF,мариновали
мариновать|PRTF,мариновало
мариновать|PRTF,маринован
мариновать|PRTF,маринована
мариновать|PRTF,маринованная
мариновать|PRTF,маринованного
мариновать|PRTF,маринованное
мариновать|PRTF,маринованной
мариновать|PRTF,маринованном
мариновать|PRTF,маринованному
мариновать|PRTF,маринованною
мариновать|PRTF,маринованную
мариновать|PRTF,маринованные
мариновать|PRTF,маринованный
мариновать|PRTF,маринованным
мариновать|PRTF,маринованными
мариновать|PRTF,маринованных
мариновать|PRTF,мариновано
мариновать|PRTF,маринованы
мариновать|PRTF,мариновать
мариновать|PRTF,маринуем
мариновать|PRTF,маринуема
мариновать|PRTF,маринуемая
мариновать|PRTF,маринуемо
мариновать|PRTF,маринуемого
мариновать|PRTF,маринуемое
мариновать|PRTF,маринуемой
мариновать|PRTF,маринуемом
мариновать|PRTF,маринуемому
мариновать|PRTF,маринуемою
мариновать|PRTF,маринуемую
мариновать|PRTF,маринуемы
мариновать|PRTF,маринуемые
мариновать|PRTF,маринуемый
мариновать|PRTF,маринуемым
мариновать|PRTF,маринуемыми
мариновать|PRTF,маринуемых
мариновать|PRTF,маринует
мариновать|PRTF,маринуете
мариновать|PRTF,маринуешь
мариновать|PRTF,маринуй
мариновать|PRTF,маринуйте
мариновать|PRTF,мариную
мариновать|PRTF,маринуют
мариновать|PRTF,маринующая
мариновать|PRTF,маринующего
мариновать|PRTF,маринующее
мариновать|PRTF,маринующей
мариновать|PRTF,маринующем
мариновать|PRTF,маринующему
мариновать|PRTF,маринующею
мариновать|PRTF,маринующие
мариновать|PRTF,маринующий
мариновать|PRTF,маринующим
мариновать|PRTF,маринующими
мариновать|PRTF,маринующих
мариновать|PRTF,маринующую
мариновать|PRTF,маринуя
маслина|NOUN,маслин
маслина|NOUN,маслина
маслина|NOUN,маслинам
маслина|NOUN,маслинами
маслина|NOUN,маслинах
маслина|NOUN,маслине
маслина|NOUN,маслиной
маслина|NOUN,маслиною
маслина|NOUN,маслину
маслина|NOUN,маслины
масло|NOUN,масел
масло|NOUN,масла
масло|NOUN,маслам
масло|NOUN,маслами
масло|NOUN,маслах
масло|NOUN,масле
масло|NOUN,масло
масло|NOUN,маслом
масло|NOUN,маслу
масляный|ADJF,маслян
масляный|ADJF,масляна
масляный|ADJF,масляная
масляный|ADJF,маслянее
масляный|ADJF,масляней
масляный|ADJF,масляно
масляный|ADJF,масляного
масляный|ADJF,масляное
масляный|ADJF,масляной
масляный|ADJF,масляном
масляный|ADJF,масляному
масляный|ADJF,масляною
масляный|ADJF,масляную
масляный|ADJF,масляны
масляный|ADJF,масляные
масляный|ADJF,масляный
масляный|ADJF,масляным
масляный|ADJF,масляными
масляный|ADJF,масляных
масляный|ADJF,помаслянее
масляный|ADJF,помасляней
масса|NOUN,масс
масса|NOUN,масса
масса|NOUN,массам
масса|NOUN,массами
масса|NOUN,массах
масса|NOUN,массе
масса|NOUN,массой
масса|NOUN,массою
масса|NOUN,массу
масса|NOUN,массы
маш|NOUN,маш
маш|NOUN,маша
маш|NOUN,маше
маш|NOUN,машем
маш|NOUN,машу
мед|NOUN,мед
мед|NOUN,меда
мед|NOUN,медам
мед|NOUN,медами
мед|NOUN,медах
мед|NOUN,меде
мед|NOUN,медом
мед|NOUN,меду
мед|NOUN,меды
медовый|ADJF,медова
медовый|ADJF,медовая
медовый|ADJF,медовее
медовый|ADJF,медовей
медовый|ADJF,медово
медовый|ADJF,медового
медовый|ADJF,медовое
медовый|ADJF,медовой
медовый|ADJF,медовом
медовый|ADJF,медовому
медовый|ADJF,медовою
медовый|ADJF,медовую
медовый|ADJF,медовы
медовый|ADJF,медовые
медовый|ADJF,медовый
медовый|ADJF,медовым
медовый|ADJF,медовыми
медовый|ADJF,медовых
медовый|ADJF,помедовее
медовый|ADJF,помедовей
мерлуза|NOUN,мерлуза
мерлуза|NOUN,мерлузе
мерлуза|NOUN,мерлузой
мерлуза|NOUN,мерлузою
мерлуза|NOUN,мерлузу
мерлуза|NOUN,мерлузы
мидия|NOUN,мидией
мидия|NOUN,мидиею
мидия|NOUN,мидии
мидия|NOUN,мидий
мидия|NOUN,мидию
мидия|NOUN,мидия
мидия|NOUN,мидиям
мидия|NOUN,мидиями
мидия|NOUN,мидиях
миндаль|NOUN,миндале
миндаль|NOUN,миндалей
миндаль|NOUN,миндалем
миндаль|NOUN,миндали
миндаль|NOUN,миндаль
миндаль|NOUN,миндалю
миндаль|NOUN,миндаля
миндаль|NOUN,миндалям
миндаль|NOUN,миндалями
миндаль|NOUN,миндалях
минеральный|ADJF,минерален
минеральный|ADJF,минеральна
минеральный|ADJF,минеральная
минеральный|ADJF,минеральнее
минеральный|ADJF,минеральней
минеральный|ADJF,минерально
минеральный|ADJF,минерального
минеральный|ADJF,минеральное
минеральный|ADJF,минеральной
минеральный|ADJF,минеральном
минеральный|ADJF,минеральному
минеральный|ADJF,минеральною
минеральный|ADJF,минеральную
минеральный|ADJF,минеральны
минеральный|ADJF,минеральные
минеральный|ADJF,минеральный
минеральный|ADJF,минеральным
минеральный|ADJF,минеральными
минеральный|ADJF,минеральных
минеральный|ADJF,поминеральнее
минеральный|ADJF,поминеральней
минтай|NOUN,минтае
минтай|NOUN,минтаев
минтай|NOUN,минтаем
минтай|NOUN,минтаи
минтай|NOUN,минтай
минтай|NOUN,минтаю
минтай|NOUN,минтая
минтай|NOUN,минтаям
минтай|NOUN,минтаями
минтай|NOUN,минтаях
мойва|NOUN,мойв
мойва|NOUN,мойва
мойва|NOUN,мойвам
мойва|NOUN,мойвами
мойва|NOUN,мойвах
мойва|NOUN,мойве
мойва|NOUN,мойвой
мойва|NOUN,мойвою
мойва|NOUN,мойву
мойва|NOUN,мойвы
молодой|ADJF,молод
молодой|ADJF,молода
молодой|ADJF,молодая
молодой|ADJF,молодо
молодой|ADJF,молодого
молодой|ADJF,молодое
молодой|ADJF,молодой
молодой|ADJF,молодом
молодой|ADJF,молодому
молодой|ADJF,молодою
молодой|ADJF,молодую
молодой|ADJF,молоды
молодой|ADJF,молодые
молодой|ADJF,молодым
молодой|ADJF,молодыми
молодой|ADJF,молодых
молодой|ADJF,моложе
молодой|ADJF,помоложе
молоко|NOUN,молока
молоко|NOUN,молоке
молоко|NOUN,молоко
молоко|NOUN,молоком
молоко|NOUN,молоку
молотый|ADJF,молот
молотый|ADJF,молота
молотый|ADJF,молотая
молотый|ADJF,молотее
молотый|ADJF,молотей
молотый|ADJF,молото
молотый|ADJF,молотого
молотый|ADJF,молотое
молотый|ADJF,молотой
молотый|ADJF,молотом
молотый|ADJF,молотому
молотый|ADJF,молотою
молотый|ADJF,молотую
молотый|ADJF,молоты
молотый|ADJF,молотые
молотый|ADJF,молотый
молотый|ADJF,молотым
молотый|ADJF,молотыми
молотый|ADJF,молотых
молотый|ADJF,помолотее
молотый|ADJF,помолотей
молочный|ADJF,молочен
молочный|ADJF,молочна
молочный|ADJF,молочная
молочный|ADJF,молочнее
молочный|ADJF,молочней
молочный|ADJF,молочно
молочный|ADJF,молочного
молочный|ADJF,молочное
молочный|ADJF,молочной
молочный|ADJF,молочном
молочный|ADJF,молочному
молочный|ADJF,молочною
молочный|ADJF,молочную
молочный|ADJF,молочны
молочный|ADJF,молочные
молочный|ADJF,молочный
молочный|ADJF,молочным
молочный|ADJF,молочными
молочный|ADJF,молочных
молочный|ADJF,помолочнее
молочный|ADJF,помолочней
морепродукт|NOUN,морепродукт
морепродукт|NOUN,морепродукта
морепродукт|NOUN,морепродуктам
морепродукт|NOUN,морепродуктами
морепродукт|NOUN,морепродуктах
морепродукт|NOUN,морепродукте
морепродукт|NOUN,морепродуктов
морепродукт|NOUN,морепродуктом
морепродукт|NOUN,морепродукту
морепродукт|NOUN,морепродукты
морковь|NOUN,морковей
морковь|NOUN,моркови
морковь|NOUN,морковь
морковь|NOUN,морковью
морковь|NOUN,морковям
морковь|NOUN,морковями
морковь|NOUN,морковях
мороженое|NOUN,мороженого
мороженое|NOUN,мороженое
мороженое|NOUN,мороженом
мороженое|NOUN,мороженому
мороженое|NOUN,мороженые
мороженое|NOUN,мороженым
мороженое|NOUN,морожеными
мороженое|NOUN,мороженых
морс|NOUN,морс
морс|NOUN,морса
морс|NOUN,морсам
морс|NOUN,морсами
морс|NOUN,морсах
морс|NOUN,морсе
морс|NOUN,морсов
морс|NOUN,морсом
морс|NOUN,морсу
морс|NOUN,морсы
морской|ADJF,морская
морской|ADJF,морские
морской|ADJF,морским
морской|ADJF,морскими
морской|ADJF,морских
морской|ADJF,морского
морской|ADJF,морское
морской|ADJF,морской
морской|ADJF,морском
морской|ADJF,морскому
морской|ADJF,морскою
морской|ADJF,морскую
мука|NOUN,мук
мука|NOUN,мука
мука|NOUN,мукам
мука|NOUN,муками
мука|NOUN,муках
мука|NOUN,муке
мука|NOUN,муки
мука|NOUN,мукой
мука|NOUN,мукою
мука|NOUN,муку
мускатный|ADJF,мускатен
мускатный|ADJF,мускатна
мускатный|ADJF,мускатная
мускатный|ADJF,мускатнее
мускатный|ADJF,мускатней
мускатный|ADJF,мускатно
мускатный|ADJF,мускатного
мускатный|ADJF,мускатное
мускатный|ADJF,мускатной
мускатный|ADJF,мускатном
мускатный|ADJF,мускатному
мускатный|ADJF,мускатною
мускатный|ADJF,мускатную
мускатный|ADJF,мускатны
мускатный|ADJF,мускатные
мускатный|ADJF,мускатный
мускатный|ADJF,мускатным
мускатный|ADJF,мускатными
мускатный|ADJF,мускатных
мускатный|ADJF,помускатнее
мускатный|ADJF,помускатней
мягкий|ADJF,мягка
мягкий|ADJF,мягкая
мягкий|ADJF,мягки
мягкий|ADJF,мягкие
мягкий|ADJF,мягкий
мягкий|ADJF,мягким
мягкий|ADJF,мягкими
мягкий|ADJF,мягких
мягкий|ADJF,мягко
мягкий|ADJF,мягкого
мягкий|ADJF,мягкое
мягкий|ADJF,мягкой
мягкий|ADJF,мягком
мягкий|ADJF,мягкому
мягкий|ADJF,мягкою
мягкий|ADJF,мягкую
мягкий|ADJF,мягок
мягкий|ADJF,мягчайшая
мягкий|ADJF,мягчайшего
мягкий|ADJF,мягчайшее
мягкий|ADJF,мягчайшей
мягкий|ADJF,мягчайшем
мягкий|ADJF,мягчайшему
мягкий|ADJF,мягчайшею
мягкий|ADJF,мягчайшие
мягкий|ADJF,мягчайший
мягкий|ADJF,мягчайшим
мягкий|ADJF,мягчайшими
мягкий|ADJF,мягчайших
мягкий|ADJF,мягчайшую
мягкий|ADJF,мягче
мягкий|ADJF,мягчей
мягкий|ADJF,наимягчайшая
мягкий|ADJF,наимягчайшего
мягкий|ADJF,наимягчайшее
мягкий|ADJF,наимягчайшей
мягкий|ADJF,наимягчайшем
мягкий|ADJF,наимягчайшему
мягкий|ADJF,наимягчайшею
мягкий|ADJF,наимягчайшие
мягкий|ADJF,наимягчайший
мягкий|ADJF,наимягчайшим
мягкий|ADJF,наимягчайшими
мягкий|ADJF,наимягчайших
мягкий|ADJF,наимягчайшую
мягкий|ADJF,помягче
мягкий|ADJF,помягчей
мякоть|NOUN,мякотей
мякоть|NOUN,мякоти
мякоть|NOUN,мякоть
мякоть|NOUN,мякотью
мякоть|NOUN,мякотям
мякоть|NOUN,мякотями
мякоть|NOUN,мякотях
мясо|NOUN,мяса
мясо|NOUN,мясе
мясо|NOUN,мясо
мясо|NOUN,мясом
мясо|NOUN,мясу
мятый|ADJS,мят
мятый|ADJS,мята
мятый|ADJS,мятая
мятый|ADJS,мятее
мятый|ADJS,мятей
мятый|ADJS,мято
мятый|ADJS,мятого
мятый|ADJS,мятое
мятый|ADJS,мятой
мятый|ADJS,мятом
мятый|ADJS,мятому
мятый|ADJS,мятою
мятый|ADJS,мятую
мятый|ADJS,мяты
мятый|ADJS,мятые
мятый|ADJS,мятый
мятый|ADJS,мятым
мятый|ADJS,мятыми
мятый|ADJS,мятых
мятый|ADJS,помятее
мятый|ADJS,помятей
набор|NOUN,набор
набор|NOUN,набора
набор|NOUN,наборам
набор|NOUN,наборами
набор|NOUN,наборах
набор|NOUN,наборе
набор|NOUN,наборов
набор|NOUN,набором
набор|NOUN,набору
набор|NOUN,наборы
напиток|NOUN,напитка
напиток|NOUN,напиткам
напиток|NOUN,напитками
напиток|NOUN,напитках
напиток|NOUN,напитке
напиток|NOUN,напитки
напиток|NOUN,напитков
напиток|NOUN,напитком
напиток|NOUN,напитку
напиток|NOUN,напиток
нектарин|NOUN,нектарин
нектарин|NOUN,нектарина
нектарин|NOUN,нектаринам
нектарин|NOUN,нектаринами
нектарин|NOUN,нектаринах
нектарин|NOUN,нектарине
нектарин|NOUN,нектаринов
нектарин|NOUN,нектарином
нектарин|NOUN,нектарину
нектарин|NOUN,нектарины
нерафинированный|ADJF,нерафинированная
нерафинированный|ADJF,нерафинированного
нерафинированный|ADJF,нерафинированное
нерафинированный|ADJF,нерафинированной
нерафинированный|ADJF,нерафинированном
нерафинированный|ADJF,нерафинированному
нерафинированный|ADJF,нерафинированною
нерафинированный|ADJF,нерафинированную
нерафинированный|ADJF,нерафинированные
нерафинированный|ADJF,нерафинированный
нерафинированный|ADJF,нерафинированным
нерафинированный|ADJF,нерафинированными
нерафинированный|ADJF,нерафинированных
нерка|NOUN,нерка
нерка|NOUN,неркам
нерка|NOUN,нерками
нерка|NOUN,нерках
нерка|NOUN,нерке
нерка|NOUN,нерки
нерка|NOUN,неркой
нерка|NOUN,неркою
нерка|NOUN,нерку
нерка|NOUN,нерок
нога|NOUN,ног
нога|NOUN,нога
нога|NOUN,ногам
нога|NOUN,ногами
нога|NOUN,ногах
нога|NOUN,ноге
нога|NOUN,ноги
нога|NOUN,ногой
нога|NOUN,ногою
нога|NOUN,ногу
ножка|NOUN,ножек
ножка|NOUN,ножка
ножка|NOUN,ножкам
ножка|NOUN,ножками
ножка|NOUN,ножках
ножка|NOUN,ножке
ножка|NOUN,ножки
ножка|NOUN,ножкой
ножка|NOUN,ножкою
ножка|NOUN,ножку
нут|NOUN,нут
нут|NOUN,нута
нут|NOUN,нутам
нут|NOUN,нутами
нут|NOUN,нутах
нут|NOUN,нуте
нут|NOUN,нутов
нут|NOUN,нутом
нут|NOUN,нуту
нут|NOUN,нуты
облепиха|NOUN,облепих
облепиха|NOUN,облепиха
облепиха|NOUN,облепихам
облепиха|NOUN,облепихами
облепиха|NOUN,облепихах
облепиха|NOUN,облепихе
облепиха|NOUN,облепихи
облепиха|NOUN,облепихой
облепиха|NOUN,облепихою
облепиха|NOUN,облепиху
обыкновенный|ADJF,наиобыкновеннейшая
обыкновенный|ADJF,наиобыкновеннейшего
обыкновенный|ADJF,наиобыкновеннейшее
обыкновенный|ADJF,наиобыкновеннейшей
обыкновенный|ADJF,наиобыкновеннейшем
обыкновенный|ADJF,наиобыкновеннейшему
обыкновенный|ADJF,наиобыкновеннейшею
обыкновенный|ADJF,наиобыкновеннейшие
обыкновенный|ADJF,наиобыкновеннейший
обыкновенный|ADJF,наиобыкновеннейшим
обыкновенный|ADJF,наиобыкновеннейшими
обыкновенный|ADJF,наиобыкновеннейших
обыкновенный|ADJF,наиобыкновеннейшую
обыкновенный|ADJF,обыкновенен
обыкновенный|ADJF,обыкновенна
обыкновенный|ADJF,обыкновенная
обыкновенный|ADJF,обыкновеннее
обыкновенный|ADJF,обыкновенней
обыкновенный|ADJF,обыкновеннейшая
обыкновенный|ADJF,обыкновеннейшего
обыкновенный|ADJF,обыкновеннейшее
обыкновенный|ADJF,обыкновеннейшей
обыкновенный|ADJF,обыкновеннейшем
обыкновенный|ADJF,обыкновеннейшему
обыкновенный|ADJF,обыкновеннейшею
обыкновенный|ADJF,обыкновеннейшие
обыкновенный|ADJF,обыкновеннейший
обыкновенный|ADJF,обыкновеннейшим
обыкновенный|ADJF,обыкновеннейшими
обыкновенный|ADJF,обыкновеннейших
обыкновенный|ADJF,обыкновеннейшую
обыкновенный|ADJF,обыкновенно
обыкновенный|ADJF,обыкновенного
обыкновенный|ADJF,обыкновенное
обыкновенный|ADJF,обыкновенной
обыкновенный|ADJF,обыкновенном
обыкновенный|ADJF,обыкновенному
обыкновенный|ADJF,обыкновенною
обыкновенный|ADJF,обыкновенную
обыкновенный|ADJF,обыкновенны
обыкновенный|ADJF,обыкновенные
обыкновенный|ADJF,обыкновенный
обыкновенный|ADJF,обыкновенным
обыкновенный|ADJF,обыкновенными
обыкновенный|ADJF,обыкновенных
обыкновенный|ADJF,пообыкновеннее
обыкновенный|ADJF,пообыкновенней
овсянка|NOUN,овсянка
овсянка|NOUN,овсянкам
овсянка|NOUN,овсянками
овсянка|NOUN,овсянках
овсянка|NOUN,овсянке
овсянка|NOUN,овсянки
овсянка|NOUN,овсянкой
овсянка|NOUN,овсянкою
овсянка|NOUN,овсянку
овсянка|NOUN,овсянок
овсяный|ADJF,овсян
овсяный|ADJF,овсяна
овсяный|ADJF,овсяная
овсяный|ADJF,овсянее
овсяный|ADJF,овсяней
овсяный|ADJF,овсяно
овсяный|ADJF,овсяного
овсяный|ADJF,овсяное
овсяный|ADJF,овсяной
овсяный|ADJF,овсяном
овсяный|ADJF,овсяному
овсяный|ADJF,овсяною
овсяный|ADJF,овсяную
овсяный|ADJF,овсяны
овсяный|ADJF,овсяные
овсяный|ADJF,овсяный
овсяный|ADJF,овсяным
овсяный|ADJF,овсяными
овсяный|ADJF,овсяных
овсяный|ADJF,поовсянее
овсяный|ADJF,поовсяней
огузок|NOUN,огузка
огузок|NOUN,огузкам
огузок|NOUN,огузками
огузок|NOUN,огузках
огузок|NOUN,огузке
огузок|NOUN,огузки
огузок|NOUN,огузков
огузок|NOUN,огузком
огузок|NOUN,огузку
огузок|NOUN,огузок
огурец|NOUN,огурец
огурец|NOUN,огурца
огурец|NOUN,огурцам
огурец|NOUN,огурцами
огурец|NOUN,огурцах
огурец|NOUN,огурце
огурец|NOUN,огурцов
огурец|NOUN,огурцом
огурец|NOUN,огурцу
огурец|NOUN,огурцы
озерный|ADJF,озерен
озерный|ADJF,озерна
озерный|ADJF,озерная
озерный|ADJF,озернее
озерный|ADJF,озерней
озерный|ADJF,озерно
озерный|ADJF,озерного
озерный|ADJF,озерное
озерный|ADJF,озерной
озерный|ADJF,озерном
озерный|ADJF,озерному
озерный|ADJF,озерною
озерный|ADJF,озерную
озерный|ADJF,озерны
озерный|ADJF,озерные
озерный|ADJF,озерный
озерный|ADJF,озерным
озерный|ADJF,озерными
озерный|ADJF,озерных
озерный|ADJF,поозернее
озерный|ADJF,поозерней
окунь|NOUN,окуне
окунь|NOUN,окуней
окунь|NOUN,окунем
окунь|NOUN,окуни
окунь|NOUN,окунь
окунь|NOUN,окуню
окунь|NOUN,окуня
окунь|NOUN,окуням
окунь|NOUN,окунями
окунь|NOUN,окунях
оливка|NOUN,оливка
оливка|NOUN,оливкам
оливка|NOUN,оливками
оливка|NOUN,оливках
оливка|NOUN,оливке
оливка|NOUN,оливки
оливка|NOUN,оливкой
оливка|NOUN,оливкою
оливка|NOUN,оливку
оливка|NOUN,оливок
оливковый|ADJF,оливков
оливковый|ADJF,оливкова
оливковый|ADJF,оливковая
оливковый|ADJF,оливковее
оливковый|ADJF,оливковей
оливковый|ADJF,оливково
оливковый|ADJF,оливкового
оливковый|ADJF,оливковое
оливковый|ADJF,оливковой
оливковый|ADJF,оливковом
оливковый|ADJF,оливковому
оливковый|ADJF,оливковою
оливковый|ADJF,оливковую
оливковый|ADJF,оливковы
оливковый|ADJF,оливковые
оливковый|ADJF,оливковый
оливковый|ADJF,оливковым
оливковый|ADJF,оливковыми
оливковый|ADJF,оливковых
оливковый|ADJF,пооливковее
оливковый|ADJF,пооливковей
омар|NOUN,омар
омар|NOUN,омара
омар|NOUN,омарам
омар|NOUN,омарами
омар|NOUN,омарах
омар|NOUN,омаре
омар|NOUN,омаров
омар|NOUN,омаром
омар|NOUN,омару
омар|NOUN,омары
орех|NOUN,орех
орех|NOUN,ореха
орех|NOUN,орехам
орех|NOUN,орехами
орех|NOUN,орехах
орех|NOUN,орехе
орех|NOUN,орехи
орех|NOUN,орехов
орех|NOUN,орехом
орех|NOUN,ореху
осетр|NOUN,осетр
осетр|NOUN,осетра
осетр|NOUN,осетрам
осетр|NOUN,осетрами
осетр|NOUN,осетрах
осетр|NOUN,осетре
осетр|NOUN,осетром
осетр|NOUN,осетру
осетр|NOUN,осетры
осетровый|ADJF,осетрова
осетровый|ADJF,осетровая
осетровый|ADJF,осетровее
осетровый|ADJF,осетровей
осетровый|ADJF,осетрово
осетровый|ADJF,осетрового
осетровый|ADJF,осетровое
осетровый|ADJF,осетровой
осетровый|ADJF,осетровом
осетровый|ADJF,осетровому
осетровый|ADJF,осетровою
осетровый|ADJF,осетровую
осетровый|ADJF,осетровы
осетровый|ADJF,осетровые
осетровый|ADJF,осетровый
осетровый|ADJF,осетровым
осетровый|ADJF,осетровыми
осетровый|ADJF,осетровых
осетровый|ADJF,поосетровее
осетровый|ADJF,поосетровей
острый|ADJF,наиострейшая
острый|ADJF,наиострейшего
острый|ADJF,наиострейшее
острый|ADJF,наиострейшей
острый|ADJF,наиострейшем
острый|ADJF,наиострейшему
острый|ADJF,наиострейшею
острый|ADJF,наиострейшие
острый|ADJF,наиострейший
острый|ADJF,наиострейшим
острый|ADJF,наиострейшими
острый|ADJF,наиострейших
острый|ADJF,наиострейшую
острый|ADJF,остер
острый|ADJF,остр
острый|ADJF,остра
острый|ADJF,острая
острый|ADJF,острее
острый|ADJF,острей
острый|ADJF,острейшая
острый|ADJF,острейшего
острый|ADJF,острейшее
острый|ADJF,острейшей
острый|ADJF,острейшем
острый|ADJF,острейшему
острый|ADJF,острейшею
острый|ADJF,острейшие
острый|ADJF,острейший
острый|ADJF,острейшим
острый|ADJF,острейшими
острый|ADJF,острейших
острый|ADJF,острейшую
острый|ADJF,остро
острый|ADJF,острого
острый|ADJF,острое
острый|ADJF,острой
острый|ADJF,остром
острый|ADJF,острому
острый|ADJF,острою
острый|ADJF,острую
острый|ADJF,остры
острый|ADJF,острые
острый|ADJF,острый
острый|ADJF,острым
острый|ADJF,острыми
острый|ADJF,острых
острый|ADJF,поострее
острый|ADJF,поострей
осьминог|NOUN,осьминог
осьминог|NOUN,осьминога
осьминог|NOUN,осьминогам
осьминог|NOUN,осьминогами
осьминог|NOUN,осьминогах
осьминог|NOUN,осьминоге
осьминог|NOUN,осьминоги
осьминог|NOUN,осьминогов
осьминог|NOUN,осьминогом
осьминог|NOUN,осьминогу
отрубный|ADJF,отрубен
отрубный|ADJF,отрубна
отрубный|ADJF,отрубная
отрубный|ADJF,отрубнее
отрубный|ADJF,отрубней
отрубный|ADJF,отрубно
отрубный|ADJF,отрубного
отрубный|ADJF,отрубное
отрубный|ADJF,отрубной
отрубный|ADJF,отрубном
отрубный|ADJF,отрубному
отрубный|ADJF,отрубною
отрубный|ADJF,отрубную
отрубный|ADJF,отрубны
отрубный|ADJF,отрубные
отрубный|ADJF,отрубный
отрубный|ADJF,отрубным
отрубный|ADJF,отрубными
отрубный|ADJF,отрубных
отрубный|ADJF,поотрубнее
отрубный|ADJF,поотрубней
палтус|NOUN,палтус
палтус|NOUN,палтуса
палтус|NOUN,палтусам
палтус|NOUN,палтусами
палтус|NOUN,палтусах
палтус|NOUN,палтусе
палтус|NOUN,палтусов
палтус|NOUN,палтусом
палтус|NOUN,палтусу
палтус|NOUN,палтусы
панировка|NOUN,панировка
панировка|NOUN,панировкам
панировка|NOUN,панировками
панировка|NOUN,панировках
панировка|NOUN,панировке
панировка|NOUN,панировки
панировка|NOUN,панировкой
панировка|NOUN,панировкою
панировка|NOUN,панировку
панировка|NOUN,панировок
панировочный|ADJF,панировочен
панировочный|ADJF,панировочна
панировочный|ADJF,панировочная
панировочный|ADJF,панировочнее
панировочный|ADJF,панировочней
панировочный|ADJF,панировочно
панировочный|ADJF,панировочного
панировочный|ADJF,панировочное
панировочный|ADJF,панировочной
панировочный|ADJF,панировочном
панировочный|ADJF,панировочному
панировочный|ADJF,панировочною
панировочный|ADJF,панировочную
панировочный|ADJF,панировочны
панировочный|ADJF,панировочные
панировочный|ADJF,панировочный
панировочный|ADJF,панировочным
панировочный|ADJF,панировочными
панировочный|ADJF,панировочных
панировочный|ADJF,попанировочнее
панировочный|ADJF,попанировочней
папайя|NOUN,папай
папайя|NOUN,папайе
папайя|NOUN,папайей
папайя|NOUN,папайею
папайя|NOUN,папайи
папайя|NOUN,папайю
папайя|NOUN,папайя
папайя|NOUN,папайям
папайя|NOUN,папайями
папайя|NOUN,папайях
паприка|NOUN,паприк
паприка|NOUN,паприка
паприка|NOUN,паприкам
паприка|NOUN,паприками
паприка|NOUN,паприках
паприка|NOUN,паприке
паприка|NOUN,паприки
паприка|NOUN,паприкой
паприка|NOUN,паприкою
паприка|NOUN,паприку
пармезан|NOUN,пармезан
пармезан|NOUN,пармезана
пармезан|NOUN,пармезанам
пармезан|NOUN,пармезанами
пармезан|NOUN,пармезанах
пармезан|NOUN,пармезане
пармезан|NOUN,пармезанов
пармезан|NOUN,пармезаном
пармезан|NOUN,пармезану
пармезан|NOUN,пармезаны
пассифлора|NOUN,пассифлор
пассифлора|NOUN,пассифлора
пассифлора|NOUN,пассифлорам
пассифлора|NOUN,пассифлорами
пассифлора|NOUN,пассифлорах
пассифлора|NOUN,пассифлоре
пассифлора|NOUN,пассифлорой
пассифлора|NOUN,пассифлорою
пассифлора|NOUN,пассифлору
пассифлора|NOUN,пассифлоры
паста|NOUN,паст
паста|NOUN,паста
паста|NOUN,пастам
паста|NOUN,пастами
паста|NOUN,пастах
паста|NOUN,пасте
паста|NOUN,пастой
паста|NOUN,пастою
паста|NOUN,пасту
паста|NOUN,пасты
пашин|NOUN,пашин
пашин|NOUN,пашина
пашин|NOUN,пашине
пашин|NOUN,пашиной
пашин|NOUN,пашину
пашин|NOUN,пашины
пашин|NOUN,пашиным
пашин|NOUN,пашиными
пашин|NOUN,пашиных
пекан|NOUN,пекан
пекан|NOUN,пекана
пекан|NOUN,пеканам
пекан|NOUN,пеканами
пекан|NOUN,пеканах
пекан|NOUN,пекане
пекан|NOUN,пеканов
пекан|NOUN,пеканом
пекан|NOUN,пекану
пекан|NOUN,пеканы
пекинский|ADJF,пекинская
пекинский|ADJF,пекинские
пекинский|ADJF,пекинский
пекинский|ADJF,пекинским
пекинский|ADJF,пекинскими
пекинский|ADJF,пекинских
пекинский|ADJF,пекинского
пекинский|ADJF,пекинское
пекинский|ADJF,пекинской
пекинский|ADJF,пекинском
пекинский|ADJF,пекинскому
пекинский|ADJF,пекинскою
пекинский|ADJF,пекинскую
пельмень|NOUN,пельмене
пельмень|NOUN,пельменей
пельмень|NOUN,пельменем
пельмень|NOUN,пельмени
пельмень|NOUN,пельмень
пельмень|NOUN,пельменю
пельмень|NOUN,пельменя
пельмень|NOUN,пельменям
пельмень|NOUN,пельменями
пельмень|NOUN,пельменях
перепел|NOUN,перепел
перепел|NOUN,перепела
перепел|NOUN,перепелам
перепел|NOUN,перепелами
перепел|NOUN,перепелах
перепел|NOUN,перепеле
перепел|NOUN,перепелов
перепел|NOUN,перепелом
перепел|NOUN,перепелу
перепелиный|ADJF,перепелин
перепелиный|ADJF,перепелина
перепелиный|ADJF,перепелиная
перепелиный|ADJF,перепелинее
перепелиный|ADJF,перепелиней
перепелиный|ADJF,перепелино
перепелиный|ADJF,перепелиного
перепелиный|ADJF,перепелиное
перепелиный|ADJF,перепелиной
перепелиный|ADJF,перепелином
перепелиный|ADJF,перепелиному
перепелиный|ADJF,перепелиною
перепелиный|ADJF,перепелиную
перепелиный|ADJF,перепелины
перепелиный|ADJF,перепелиные
перепелиный|ADJF,перепелиный
перепелиный|ADJF,перепелиным
перепелиный|ADJF,перепелиными
перепелиный|ADJF,перепелиных
перепелиный|ADJF,поперепелинее
перепелиный|ADJF,поперепелиней
перепелка|NOUN,перепелка
перепелка|NOUN,перепелкам
перепелка|NOUN,перепелками
перепелка|NOUN,перепелках
перепелка|NOUN,перепелке
перепелка|NOUN,перепелки
перепелка|NOUN,перепелкой
перепелка|NOUN,перепелкою
перепелка|NOUN,перепелку
перепелка|NOUN,перепелок
перец|NOUN,перец
перец|NOUN,перца
перец|NOUN,перцам
перец|NOUN,перцами
перец|NOUN,перцах
перец|NOUN,перце
перец|NOUN,перцев
перец|NOUN,перцем
перец|NOUN,перцу
перец|NOUN,перцы
перловка|NOUN,перловка
перловка|NOUN,перловкам
перловка|NOUN,перловками
перловка|NOUN,перловках
перловка|NOUN,перловке
перловка|NOUN,перловки
перловка|NOUN,перловкой
перловка|NOUN,перловкою
перловка|NOUN,перловку
перловка|NOUN,перловок
перловый|ADJF,перловая
перловый|ADJF,перловее
перловый|ADJF,перловей
перловый|ADJF,перлового
перловый|ADJF,перловое
перловый|ADJF,перловой
перловый|ADJF,перловом
перловый|ADJF,перловому
перловый|ADJF,перловою
перловый|ADJF,перловую
перловый|ADJF,перловые
перловый|ADJF,перловый
перловый|ADJF,перловым
перловый|ADJF,перловыми
перловый|ADJF,перловых
перловый|ADJF,поперловее
перловый|ADJF,поперловей
персик|NOUN,персик
персик|NOUN,персика
персик|NOUN,персикам
персик|NOUN,персиками
персик|NOUN,персиках
персик|NOUN,персике
персик|NOUN,персики
персик|NOUN,персиков
персик|NOUN,персиком
персик|NOUN,персику
пестрый|ADJF,пестр
пестрый|ADJF,пестра
пестрый|ADJF,пестрая
пестрый|ADJF,пестрее
пестрый|ADJF,пестрей
пестрый|ADJF,пестро
пестрый|ADJF,пестрого
пестрый|ADJF,пестрое
пестрый|ADJF,пестрой
пестрый|ADJF,пестром
пестрый|ADJF,пестрому
пестрый|ADJF,пестрою
пестрый|ADJF,пеструю
пестрый|ADJF,пестры
пестрый|ADJF,пестрые
пестрый|ADJF,пестрый
пестрый|ADJF,пестрым
пестрый|ADJF,пестрыми
пестрый|ADJF,пестрых
пестрый|ADJF,попестрее
пестрый|ADJF,попестрей
петрушка|NOUN,петрушек
петрушка|NOUN,петрушка
петрушка|NOUN,петрушкам
петрушка|NOUN,петрушками
петрушка|NOUN,петрушках
петрушка|NOUN,петрушке
петрушка|NOUN,петрушки
петрушка|NOUN,петрушкой
петрушка|NOUN,петрушкою
петрушка|NOUN,петрушку
печень|NOUN,печеней
печень|NOUN,печени
печень|NOUN,печень
печень|NOUN,печенью
печень|NOUN,печеням
печень|NOUN,печенями
печень|NOUN,печенях
пирожок|NOUN,пирожка
пирожок|NOUN,пирожкам
пирожок|NOUN,пирожками
пирожок|NOUN,пирожках
пирожок|NOUN,пирожке
пирожок|NOUN,пирожки
пирожок|NOUN,пирожков
пирожок|NOUN,пирожком
пирожок|NOUN,пирожку
пирожок|NOUN,пирожок
питьевой|ADJF,питьевая
питьевой|ADJF,питьевее
питьевой|ADJF,питьевей
питьевой|ADJF,питьевого
питьевой|ADJF,питьевое
питьевой|ADJF,питьевой
питьевой|ADJF,питьевом
питьевой|ADJF,питьевому
питьевой|ADJF,питьевою
питьевой|ADJF,питьевую
питьевой|ADJF,питьевые
питьевой|ADJF,питьевым
питьевой|ADJF,питьевыми
питьевой|ADJF,питьевых
питьевой|ADJF,попитьевее
питьевой|ADJF,попитьевей
пищевой|ADJF,пищевая
пищевой|ADJF,пищевее
пищевой|ADJF,пищевей
пищевой|ADJF,пищевого
пищевой|ADJF,пищевое
пищевой|ADJF,пищевой
пищевой|ADJF,пищевом
пищевой|ADJF,пищевому
пищевой|ADJF,пищевою
пищевой|ADJF,пищевую
пищевой|ADJF,пищевые
пищевой|ADJF,пищевым
пищевой|ADJF,пищевыми
пищевой|ADJF,пищевых
пищевой|ADJF,попищевее
пищевой|ADJF,попищевей
плавленый|ADJF,плавлен
плавленый|ADJF,плавлена
плавленый|ADJF,плавленая
плавленый|ADJF,плавленее
плавленый|ADJF,плавленей
плавленый|ADJF,плавлено
плавленый|ADJF,плавленого
плавленый|ADJF,плавленое
плавленый|ADJF,плавленой
плавленый|ADJF,плавленом
плавленый|ADJF,плавленому
плавленый|ADJF,плавленою
плавленый|ADJF,плавленую
плавленый|ADJF,плавлены
плавленый|ADJF,плавленые
плавленый|ADJF,плавленый
плавленый|ADJF,плавленым
плавленый|ADJF,плавлеными
плавленый|ADJF,плавленых
плавленый|ADJF,поплавленее
плавленый|ADJF,поплавленей
плов|NOUN,плов
плов|NOUN,плова
плов|NOUN,пловам
плов|NOUN,пловами
плов|NOUN,пловах
плов|NOUN,плове
плов|NOUN,пловов
плов|NOUN,пловом
плов|NOUN,плову
плов|NOUN,пловы
пломбир|NOUN,пломбир
пломбир|NOUN,пломбира
пломбир|NOUN,пломбирам
пломбир|NOUN,пломбирами
пломбир|NOUN,пломбирах
пломбир|NOUN,пломбире
пломбир|NOUN,пломбиров
пломбир|NOUN,пломбиром
пломбир|NOUN,пломбиру
пломбир|NOUN,пломбиры
подсолнечник|NOUN,подсолнечник
подсолнечник|NOUN,подсолнечника
подсолнечник|NOUN,подсолнечникам
подсолнечник|NOUN,подсолнечниками
подсолнечник|NOUN,подсолнечниках
подсолнечник|NOUN,подсолнечнике
подсолнечник|NOUN,подсолнечники
подсолнечник|NOUN,подсолнечников
подсолнечник|NOUN,подсолнечником
подсолнечник|NOUN,подсолнечнику
подсолнечный|ADJF,подсолнечен
подсолнечный|ADJF,подсолнечна
подсолнечный|ADJF,подсолнечная
подсолнечный|ADJF,подсолнечнее
подсолнечный|ADJF,подсолнечней
подсолнечный|ADJF,подсолнечно
подсолнечный|ADJF,подсолнечного
подсолнечный|ADJF,подсолнечное
подсолнечный|ADJF,подсолнечной
подсолнечный|ADJF,подсолнечном
подсолнечный|ADJF,подсолнечному
подсолнечный|ADJF,подсолнечною
подсолнечный|ADJF,подсолнечную
подсолнечный|ADJF,подсолнечны
подсолнечный|ADJF,подсолнечные
подсолнечный|ADJF,подсолнечный
подсолнечный|ADJF,подсолнечным
подсолнечный|ADJF,подсолнечными
подсолнечный|ADJF,подсолнечных
подсолнечный|ADJF,поподсолнечнее
подсолнечный|ADJF,поподсолнечней
помело|NOUN,помела
помело|NOUN,помеле
помело|NOUN,помело
помело|NOUN,помелом
помело|NOUN,помелу
помело|NOUN,помельев
помело|NOUN,помелья
помело|NOUN,помельям
помело|NOUN,помельями
помело|NOUN,помельях
помидор|NOUN,помидор
помидор|NOUN,помидора
помидор|NOUN,помидорам
помидор|NOUN,помидорами
помидор|NOUN,помидорах
помидор|NOUN,помидоре
помидор|NOUN,помидоров
помидор|NOUN,помидором
помидор|NOUN,помидору
помидор|NOUN,помидоры
помол|NOUN,помол
помол|NOUN,помола
помол|NOUN,помолам
помол|NOUN,помолами
помол|NOUN,помолах
помол|NOUN,помоле
помол|NOUN,помолов
помол|NOUN,помолом
помол|NOUN,помолу
помол|NOUN,помолы
порей|NOUN,порее
порей|NOUN,пореев
порей|NOUN,пореем
порей|NOUN,пореи
порей|NOUN,порей
порей|NOUN,порею
порей|NOUN,порея
порей|NOUN,пореям
порей|NOUN,пореями
порей|NOUN,пореях
порошок|NOUN,порошка
порошок|NOUN,порошкам
порошок|NOUN,порошками
порошок|NOUN,порошках
порошок|NOUN,порошке
порошок|NOUN,порошки
порошок|NOUN,порошков
порошок|NOUN,порошком
порошок|NOUN,порошку
порошок|NOUN,порошок
початок|NOUN,початка
початок|NOUN,початкам
початок|NOUN,початками
початок|NOUN,початках
початок|NOUN,початке
початок|NOUN,початки
початок|NOUN,початков
початок|NOUN,початком
початок|NOUN,початку
початок|NOUN,початок
почка|NOUN,почек
почка|NOUN,почка
почка|NOUN,почкам
почка|NOUN,почками
почка|NOUN,почках
почка|NOUN,почке
почка|NOUN,почки
почка|NOUN,почкой
почка|NOUN,почкою
почка|NOUN,почку
прованский|ADJF,прованская
прованский|ADJF,прованские
прованский|ADJF,прованский
прованский|ADJF,прованским
прованский|ADJF,прованскими
прованский|ADJF,прованских
прованский|ADJF,прованского
прованский|ADJF,прованское
прованский|ADJF,прованской
прованский|ADJF,прованском
прованский|ADJF,прованскому
прованский|ADJF,прованскою
прованский|ADJF,прованскую
просо|NOUN,проса
просо|NOUN,просе
просо|NOUN,просо
просо|NOUN,просом
просо|NOUN,просу
простокваша|NOUN,простокваш
простокваша|NOUN,простокваша
простокваша|NOUN,простоквашам
простокваша|NOUN,простоквашами
простокваша|NOUN,простоквашах
простокваша|NOUN,простокваше
простокваша|NOUN,простоквашей
простокваша|NOUN,простоквашею
простокваша|NOUN,простокваши
простокваша|NOUN,простоквашу
пупок|NOUN,пупка
пупок|NOUN,пупкам
пупок|NOUN,пупками
пупок|NOUN,пупках
пупок|NOUN,пупке
пупок|NOUN,пупки
пупок|NOUN,пупков
пупок|NOUN,пупком
пупок|NOUN,пупку
пупок|NOUN,пупок
пшеница|NOUN,пшениц
пшеница|NOUN,пшеница
пшеница|NOUN,пшеницам
пшеница|NOUN,пшеницами
пшеница|NOUN,пшеницах
пшеница|NOUN,пшенице
пшеница|NOUN,пшеницей
пшеница|NOUN,пшеницею
пшеница|NOUN,пшеницу
пшеница|NOUN,пшеницы
пшеничный|ADJF,попшеничнее
пшеничный|ADJF,попшеничней
пшеничный|ADJF,пшеничен
пшеничный|ADJF,пшенична
пшеничный|ADJF,пшеничная
пшеничный|ADJF,пшеничнее
пшеничный|ADJF,пшеничней
пшеничный|ADJF,пшенично
пшеничный|ADJF,пшеничного
пшеничный|ADJF,пшеничное
пшеничный|ADJF,пшеничной
пшеничный|ADJF,пшеничном
пшеничный|ADJF,пшеничному
пшеничный|ADJF,пшеничною
пшеничный|ADJF,пшеничную
пшеничный|ADJF,пшеничны
пшеничный|ADJF,пшеничные
пшеничный|ADJF,пшеничный
пшеничный|ADJF,пшеничным
пшеничный|ADJF,пшеничными
пшеничный|ADJF,пшеничных
пшено|NOUN,пшена
пшено|NOUN,пшене
пшено|NOUN,пшено
пшено|NOUN,пшеном
пшено|NOUN,пшену
радужный|ADJF,порадужнее
радужный|ADJF,порадужней
радужный|ADJF,радужен
радужный|ADJF,радужна
радужный|ADJF,радужная
радужный|ADJF,радужнее
радужный|ADJF,радужней
радужный|ADJF,радужнейшая
радужный|ADJF,радужнейшего
радужный|ADJF,радужнейшее
радужный|ADJF,радужнейшей
радужный|ADJF,радужнейшем
радужный|ADJF,радужнейшему
радужный|ADJF,радужнейшею
радужный|ADJF,радужнейшие
радужный|ADJF,радужнейший
радужный|ADJF,радужнейшим
радужный|ADJF,радужнейшими
радужный|ADJF,радужнейших
радужный|ADJF,радужнейшую
радужный|ADJF,радужно
радужный|ADJF,радужного
радужный|ADJF,радужное
радужный|ADJF,радужной
радужный|ADJF,радужном
радужный|ADJF,радужному
радужный|ADJF,радужною
радужный|ADJF,радужную
радужный|ADJF,радужны
радужный|ADJF,радужные
радужный|ADJF,радужный
радужный|ADJF,радужным
радужный|ADJF,радужными
радужный|ADJF,радужных
рак|NOUN,рак
рак|NOUN,рака
рак|NOUN,ракам
рак|NOUN,раками
рак|NOUN,раках
рак|NOUN,раке
рак|NOUN,раки
рак|NOUN,раков
рак|NOUN,раком
рак|NOUN,раку
рассольный|ADJF,порассольнее
рассольный|ADJF,порассольней
рассольный|ADJF,рассолен
рассольный|ADJF,рассольна
рассольный|ADJF,рассольная
рассольный|ADJF,рассольнее
рассольный|ADJF,рассольней
рассольный|ADJF,рассольно
рассольный|ADJF,рассольного
рассольный|ADJF,рассольное
рассольный|ADJF,рассольной
рассольный|ADJF,рассольном
рассольный|ADJF,рассольному
рассольный|ADJF,рассольною
рассольный|ADJF,рассольную
рассольный|ADJF,рассольны
рассольный|ADJF,рассольные
рассольный|ADJF,рассольный
рассольный|ADJF,рассольным
рассольный|ADJF,рассольными
рассольный|ADJF,рассольных
растворимый|ADJF,порастворимее
растворимый|ADJF,порастворимей
растворимый|ADJF,растворим
растворимый|ADJF,растворима
растворимый|ADJF,растворимая
растворимый|ADJF,растворимее
растворимый|ADJF,растворимей
растворимый|ADJF,растворимо
растворимый|ADJF,растворимого
растворимый|ADJF,растворимое
растворимый|ADJF,растворимой
растворимый|ADJF,растворимом
растворимый|ADJF,растворимому
растворимый|ADJF,растворимою
растворимый|ADJF,растворимую
растворимый|ADJF,растворимы
растворимый|ADJF,растворимые
растворимый|ADJF,растворимый
растворимый|ADJF,растворимым
растворимый|ADJF,растворимыми
растворимый|ADJF,растворимых
ребро|NOUN,ребер
ребро|NOUN,ребра
ребро|NOUN,ребрам
ребро|NOUN,ребрами
ребро|NOUN,ребрах
ребро|NOUN,ребре
ребро|NOUN,ребро
ребро|NOUN,ребром
ребро|NOUN,ребру
редька|NOUN,редек
редька|NOUN,редька
редька|NOUN,редькам
редька|NOUN,редьками
редька|NOUN,редьках
редька|NOUN,редьке
редька|NOUN,редьки
редька|NOUN,редькой
редька|NOUN,редькою
редька|NOUN,редьку
репа|NOUN,реп
репа|NOUN,репа
репа|NOUN,репам
репа|NOUN,репами
репа|NOUN,репах
репа|NOUN,репе
репа|NOUN,репой
репа|NOUN,репою
репа|NOUN,репу
репа|NOUN,репы
репчатый|ADJF,порепчатее
репчатый|ADJF,порепчатей
репчатый|ADJF,репчат
репчатый|ADJF,репчата
репчатый|ADJF,репчатая
репчатый|ADJF,репчатее
репчатый|ADJF,репчатей
репчатый|ADJF,репчато
репчатый|ADJF,репчатого
репчатый|ADJF,репчатое
репчатый|ADJF,репчатой
репчатый|ADJF,репчатом
репчатый|ADJF,репчатому
репчатый|ADJF,репчатою
репчатый|ADJF,репчатую
репчатый|ADJF,репчаты
репчатый|ADJF,репчатые
репчатый|ADJF,репчатый
репчатый|ADJF,репчатым
репчатый|ADJF,репчатыми
репчатый|ADJF,репчатых
речной|ADJF,поречнее
речной|ADJF,поречней
речной|ADJF,речная
речной|ADJF,речнее
речной|ADJF,речней
речной|ADJF,речного
речной|ADJF,речное
речной|ADJF,речной
речной|ADJF,речном
речной|ADJF,речному
речной|ADJF,речною
речной|ADJF,речную
речной|ADJF,речные
речной|ADJF,речным
речной|ADJF,речными
речной|ADJF,речных
ржаной|ADJF,поржанее
ржаной|ADJF,поржаней
ржаной|ADJF,ржаная
ржаной|ADJF,ржанее
ржаной|ADJF,ржаней
ржаной|ADJF,ржаного
ржаной|ADJF,ржаное
ржаной|ADJF,ржаной
ржаной|ADJF,ржаном
ржаной|ADJF,ржаному
ржаной|ADJF,ржаною
ржаной|ADJF,ржаную
ржаной|ADJF,ржаные
ржаной|ADJF,ржаным
ржаной|ADJF,ржаными
ржаной|ADJF,ржаных
рис|NOUN,рис
рис|NOUN,риса
рис|NOUN,рисам
рис|NOUN,рисами
рис|NOUN,рисах
рис|NOUN,рисе
рис|NOUN,рисом
рис|NOUN,рису
рис|NOUN,рисы
рисовый|ADJF,порисовее
рисовый|ADJF,порисовей
рисовый|ADJF,рисова
рисовый|ADJF,рисовая
рисовый|ADJF,рисовее
рисовый|ADJF,рисовей
рисовый|ADJF,рисово
рисовый|ADJF,рисового
рисовый|ADJF,рисовое
рисовый|ADJF,рисовой
рисовый|ADJF,рисовом
рисовый|ADJF,рисовому
рисовый|ADJF,рисовою
рисовый|ADJF,рисовую
рисовый|ADJF,рисовы
рисовый|ADJF,рисовые
рисовый|ADJF,рисовый
рисовый|ADJF,рисовым
рисовый|ADJF,рисовыми
рисовый|ADJF,рисовых
розмарин|NOUN,розмарин
розмарин|NOUN,розмарина
розмарин|NOUN,розмаринам
розмарин|NOUN,розмаринами
розмарин|NOUN,розмаринах
розмарин|NOUN,розмарине
розмарин|NOUN,розмаринов
розмарин|NOUN,розмарином
розмарин|NOUN,розмарину
розмарин|NOUN,розмарины
розовый|ADJF,порозовее
розовый|ADJF,порозовей
розовый|ADJF,розов
розовый|ADJF,розова
розовый|ADJF,розовая
розовый|ADJF,розовее
розовый|ADJF,розовей
розовый|ADJF,розово
розовый|ADJF,розового
розовый|ADJF,розовое
розовый|ADJF,розовой
розовый|ADJF,розовом
розовый|ADJF,розовому
розовый|ADJF,розовою
розовый|ADJF,розовую
розовый|ADJF,розовы
розовый|ADJF,розовые
розовый|ADJF,розовый
розовый|ADJF,розовым
розовый|ADJF,розовыми
розовый|ADJF,розовых
рокфор|NOUN,рокфор
рокфор|NOUN,рокфора
рокфор|NOUN,рокфорам
рокфор|NOUN,рокфорами
рокфор|NOUN,рокфорах
рокфор|NOUN,рокфоре
рокфор|NOUN,рокфоров
рокфор|NOUN,рокфором
рокфор|NOUN,рокфору
рокфор|NOUN,рокфоры
рубец|NOUN,рубец
рубец|NOUN,рубца
рубец|NOUN,рубцам
рубец|NOUN,рубцами
рубец|NOUN,рубцах
рубец|NOUN,рубце
рубец|NOUN,рубцов
рубец|NOUN,рубцом
рубец|NOUN,рубцу
рубец|NOUN,рубцы
рулька|NOUN,рулек
рулька|NOUN,рулька
рулька|NOUN,рулькам
рулька|NOUN,рульками
рулька|NOUN,рульках
рулька|NOUN,рульке
рулька|NOUN,рульки
рулька|NOUN,рулькой
рулька|NOUN,рулькою
рулька|NOUN,рульку
рыба|NOUN,рыб
рыба|NOUN,рыба
рыба|NOUN,рыбам
рыба|NOUN,рыбами
рыба|NOUN,рыбах
рыба|NOUN,рыбе
рыба|NOUN,рыбой
рыба|NOUN,рыбою
рыба|NOUN,рыбу
рыба|NOUN,рыбы
рыбный|ADJF,порыбнее
рыбный|ADJF,порыбней
рыбный|ADJF,рыбен
рыбный|ADJF,рыбна
рыбный|ADJF,рыбная
рыбный|ADJF,рыбнее
рыбный|ADJF,рыбней
рыбный|ADJF,рыбно
рыбный|ADJF,рыбного
рыбный|ADJF,рыбное
рыбный|ADJF,рыбной
рыбный|ADJF,рыбном
рыбный|ADJF,рыбному
рыбный|ADJF,рыбною
рыбный|ADJF,рыбную
рыбный|ADJF,рыбны
рыбный|ADJF,рыбные
рыбный|ADJF,рыбный
рыбный|ADJF,рыбным
рыбный|ADJF,рыбными
рыбный|ADJF,рыбных
ряженка|NOUN,ряженка
ряженка|NOUN,ряженкам
ряженка|NOUN,ряженками
ряженка|NOUN,ряженках
ряженка|NOUN,ряженке
ряженка|NOUN,ряженки
ряженка|NOUN,ряженкой
ряженка|NOUN,ряженкою
ряженка|NOUN,ряженку
ряженка|NOUN,ряженок
сазан|NOUN,сазан
сазан|NOUN,сазана
сазан|NOUN,сазанам
сазан|NOUN,сазанами
сазан|NOUN,сазанах
сазан|NOUN,сазане
сазан|NOUN,сазанов
сазан|NOUN,сазаном
сазан|NOUN,сазану
сазан|NOUN,сазаны
сайра|NOUN,сайр
сайра|NOUN,сайра
сайра|NOUN,сайрам
сайра|NOUN,сайрами
сайра|NOUN,сайрах
сайра|NOUN,сайре
сайра|NOUN,сайрой
сайра|NOUN,сайрою
сайра|NOUN,сайру
сайра|NOUN,сайры
салат|NOUN,салат
салат|NOUN,салата
салат|NOUN,салатам
салат|NOUN,салатами
салат|NOUN,салатах
салат|NOUN,салате
салат|NOUN,салатов
салат|NOUN,салатом
салат|NOUN,салату
салат|NOUN,салаты
сало|NOUN,сал
сало|NOUN,сала
сало|NOUN,салам
сало|NOUN,салами
сало|NOUN,салах
сало|NOUN,сале
сало|NOUN,сало
сало|NOUN,салом
сало|NOUN,салу
сардина|NOUN,сардин
сардина|NOUN,сардина
сардина|NOUN,сардинам
сардина|NOUN,сардинами
сардина|NOUN,сардинах
сардина|NOUN,сардине
сардина|NOUN,сардиной
сардина|NOUN,сардиною
сардина|NOUN,сардину
сардина|NOUN,сардины
сахар|NOUN,сахар
сахар|NOUN,сахара
сахар|NOUN,сахарам
сахар|NOUN,сахарами
сахар|NOUN,сахарах
сахар|NOUN,сахаре
сахар|NOUN,сахаров
сахар|NOUN,сахаром
сахар|NOUN,сахару
сахарный|ADJF,посахарнее
сахарный|ADJF,посахарней
сахарный|ADJF,сахарен
сахарный|ADJF,сахарна
сахарный|ADJF,сахарная
сахарный|ADJF,сахарнее
сахарный|ADJF,сахарней
сахарный|ADJF,сахарно
сахарный|ADJF,сахарного
сахарный|ADJF,сахарное
сахарный|ADJF,сахарной
сахарный|ADJF,сахарном
сахарный|ADJF,сахарному
сахарный|ADJF,сахарною
сахарный|ADJF,сахарную
сахарный|ADJF,сахарны
сахарный|ADJF,сахарные
сахарный|ADJF,сахарный
сахарный|ADJF,сахарным
сахарный|ADJF,сахарными
сахарный|ADJF,сахарных
свежий|ADJF,посвежее
свежий|ADJF,посвежей
свежий|ADJF,свеж
свежий|ADJF,свежа
свежий|ADJF,свежая
свежий|ADJF,свежего
свежий|ADJF,свежее
свежий|ADJF,свежей
свежий|ADJF,свежем
свежий|ADJF,свежему
свежий|ADJF,свежею
свежий|ADJF,свежи
свежий|ADJF,свежие
свежий|ADJF,свежий
свежий|ADJF,свежим
свежий|ADJF,свежими
свежий|ADJF,свежих
свежий|ADJF,свежо
свежий|ADJF,свежую
свекла|NOUN,свекл
свекла|NOUN,свекла
свекла|NOUN,свеклам
свекла|NOUN,свеклами
свекла|NOUN,свеклах
свекла|NOUN,свекле
свекла|NOUN,свеклой
свекла|NOUN,свеклою
свекла|NOUN,свеклу
свекла|NOUN,свеклы
светлый|ADJF,наисветлейшая
светлый|ADJF,наисветлейшего
светлый|ADJF,наисветлейшее
светлый|ADJF,наисветлейшей
светлый|ADJF,наисветлейшем
светлый|ADJF,наисветлейшему
светлый|ADJF,наисветлейшею
светлый|ADJF,наисветлейшие
светлый|ADJF,наисветлейший
светлый|ADJF,наисветлейшим
светлый|ADJF,наисветлейшими
светлый|ADJF,наисветлейших
светлый|ADJF,наисветлейшую
светлый|ADJF,посветлее
светлый|ADJF,посветлей
светлый|ADJF,светел
светлый|ADJF,светла
светлый|ADJF,светлая
светлый|ADJF,светлее
светлый|ADJF,светлей
светлый|ADJF,светлейшая
светлый|ADJF,светлейшего
светлый|ADJF,светлейшее
светлый|ADJF,светлейшей
светлый|ADJF,светлейшем
светлый|ADJF,светлейшему
светлый|ADJF,светлейшею
светлый|ADJF,светлейшие
светлый|ADJF,светлейший
светлый|ADJF,светлейшим
светлый|ADJF,светлейшими
светлый|ADJF,светлейших
светлый|ADJF,светлейшую
светлый|ADJF,светло
светлый|ADJF,светлого
светлый|ADJF,светлое
светлый|ADJF,светлой
светлый|ADJF,светлом
светлый|ADJF,светлому
светлый|ADJF,светлою
светлый|ADJF,светлую
светлый|ADJF,светлы
светлый|ADJF,светлые
светлый|ADJF,светлый
светлый|ADJF,светлым
светлый|ADJF,светлыми
светлый|ADJF,светлых
свинина|NOUN,свинин
свинина|NOUN,свинина
свинина|NOUN,свининам
свинина|NOUN,свининами
свинина|NOUN,свининах
свинина|NOUN,свинине
свинина|NOUN,свининой
свинина|NOUN,свининою
свинина|NOUN,свинину
свинина|NOUN,свинины
свиной|ADJF,посвинее
свиной|ADJF,посвиней
свиной|ADJF,свиная
свиной|ADJF,свинее
свиной|ADJF,свиней
свиной|ADJF,свиного
свиной|ADJF,свиное
свиной|ADJF,свиной
свиной|ADJF,свином
свиной|ADJF,свиному
свиной|ADJF,свиною
свиной|ADJF,свиную
свиной|ADJF,свиные
свиной|ADJF,свиным
свиной|ADJF,свиными
свиной|ADJF,свиных
сгустить|PRTF,сгусти
сгустить|PRTF,сгустив
сгустить|PRTF,сгустившая
сгустить|PRTF,сгустившего
сгустить|PRTF,сгустившее
сгустить|PRTF,сгустившей
сгустить|PRTF,сгустившем
сгустить|PRTF,сгустившему
сгустить|PRTF,сгустившею
сгустить|PRTF,сгустивши
сгустить|PRTF,сгустившие
сгустить|PRTF,сгустивший
сгустить|PRTF,сгустившим
сгустить|PRTF,сгустившими
сгустить|PRTF,сгустивших
сгустить|PRTF,сгустившую
сгустить|PRTF,сгустил
сгустить|PRTF,сгустила
сгустить|PRTF,сгустили
сгустить|PRTF,сгустило
сгустить|PRTF,сгустим
сгустить|PRTF,сгустимте
сгустить|PRTF,сгустит
сгустить|PRTF,сгустите
сгустить|PRTF,сгустить
сгустить|PRTF,сгустишь
сгустить|PRTF,сгустят
сгустить|PRTF,сгущен
сгустить|PRTF,сгущена
сгустить|PRTF,сгущенная
сгустить|PRTF,сгущенного
сгустить|PRTF,сгущенное
сгустить|PRTF,сгущенной
сгустить|PRTF,сгущенном
сгустить|PRTF,сгущенному
сгустить|PRTF,сгущенною
сгустить|PRTF,сгущенную
сгустить|PRTF,сгущенные
сгустить|PRTF,сгущенный
сгустить|PRTF,сгущенным
сгустить|PRTF,сгущенными
сгустить|PRTF,сгущенных
сгустить|PRTF,сгущено
сгустить|PRTF,сгущены
сгустить|PRTF,сгущу
сгущенка|NOUN,сгущенка
сгущенка|NOUN,сгущенкам
сгущенка|NOUN,сгущенками
сгущенка|NOUN,сгущенках
сгущенка|NOUN,сгущенке
сгущенка|NOUN,сгущенки
сгущенка|NOUN,сгущенкой
сгущенка|NOUN,сгущенкою
сгущенка|NOUN,сгущенку
сгущенка|NOUN,сгущенок
северный|ADJF,посевернее
северный|ADJF,посеверней
северный|ADJF,северен
северный|ADJF,северна
северный|ADJF,северная
северный|ADJF,севернее
северный|ADJF,северней
северный|ADJF,северно
северный|ADJF,северного
северный|ADJF,северное
северный|ADJF,северной
северный|ADJF,северном
северный|ADJF,северному
северный|ADJF,северною
северный|ADJF,северную
северный|ADJF,северны
северный|ADJF,северные
северный|ADJF,северный
северный|ADJF,северным
северный|ADJF,северными
северный|ADJF,северных
сельдерей|NOUN,сельдерее
сельдерей|NOUN,сельдереев
сельдерей|NOUN,сельдереем
сельдерей|NOUN,сельдереи
сельдерей|NOUN,сельдерей
сельдерей|NOUN,сельдерею
сельдерей|NOUN,сельдерея
сельдерей|NOUN,сельдереям
сельдерей|NOUN,сельдереями
сельдерей|NOUN,сельдереях
сельдь|NOUN,сельдей
сельдь|NOUN,сельди
сельдь|NOUN,сельдь
сельдь|NOUN,сельдью
сельдь|NOUN,сельдям
сельдь|NOUN,сельдями
сельдь|NOUN,сельдях
семга|NOUN,семг
семга|NOUN,семга
семга|NOUN,семгам
семга|NOUN,семгами
семга|NOUN,семгах
семга|NOUN,семге
семга|NOUN,семги
семга|NOUN,семгой
семга|NOUN,семгою
семга|NOUN,семгу
семечко|NOUN,семечек
семечко|NOUN,семечка
семечко|NOUN,семечкам
семечко|NOUN,семечками
семечко|NOUN,семечках
семечко|NOUN,семечке
семечко|NOUN,семечки
семечко|NOUN,семечко
семечко|NOUN,семечком
семечко|NOUN,семечку
семя|NOUN,семена
семя|NOUN,семенам
семя|NOUN,семенами
семя|NOUN,семенах
семя|NOUN,семенем
семя|NOUN,семени
семя|NOUN,семя
семя|NOUN,семян
сердечко|NOUN,сердечек
сердечко|NOUN,сердечка
сердечко|NOUN,сердечкам
сердечко|NOUN,сердечками
сердечко|NOUN,сердечках
сердечко|NOUN,сердечке
сердечко|NOUN,сердечки
сердечко|NOUN,сердечко
сердечко|NOUN,сердечком
сердечко|NOUN,сердечку
сердце|NOUN,сердец
сердце|NOUN,сердца
сердце|NOUN,сердцам
сердце|NOUN,сердцами
сердце|NOUN,сердцах
сердце|NOUN,сердце
сердце|NOUN,сердцев
сердце|NOUN,сердцем
сердце|NOUN,сердцу
скумбрия|NOUN,скумбрией
скумбрия|NOUN,скумбриею
скумбрия|NOUN,скумбрии
скумбрия|NOUN,скумбрий
скумбрия|NOUN,скумбрию
скумбрия|NOUN,скумбрия
скумбрия|NOUN,скумбриям
скумбрия|NOUN,скумбриями
скумбрия|NOUN,скумбриях
сладкий|ADJF,послаще
сладкий|ADJF,сладка
сладкий|ADJF,сладкая
сладкий|ADJF,сладки
сладкий|ADJF,сладкие
сладкий|ADJF,сладкий
сладкий|ADJF,сладким
сладкий|ADJF,сладкими
сладкий|ADJF,сладких
сладкий|ADJF,сладко
сладкий|ADJF,сладкого
сладкий|ADJF,сладкое
сладкий|ADJF,сладкой
сладкий|ADJF,сладком
сладкий|ADJF,сладкому
сладкий|ADJF,сладкою
сладкий|ADJF,сладкую
сладкий|ADJF,сладок
сладкий|ADJF,сладчайшая
сладкий|ADJF,сладчайшего
сладкий|ADJF,сладчайшее
сладкий|ADJF,сладчайшей
сладкий|ADJF,сладчайшем
сладкий|ADJF,сладчайшему
сладкий|ADJF,сладчайшею
сладкий|ADJF,сладчайшие
сладкий|ADJF,сладчайший
сладкий|ADJF,сладчайшим
сладкий|ADJF,сладчайшими
сладкий|ADJF,сладчайших
сладкий|ADJF,сладчайшую
сладкий|ADJF,слаще
слива|NOUN,слив
слива|NOUN,слива
слива|NOUN,сливам
слива|NOUN,сливами
слива|NOUN,сливах
слива|NOUN,сливе
слива|NOUN,сливой
слива|NOUN,сливою
слива|NOUN,сливу
слива|NOUN,сливы
сливка|NOUN,сливка
сливка|NOUN,сливкам
сливка|NOUN,сливками
сливка|NOUN,сливках
сливка|NOUN,сливке
сливка|NOUN,сливки
сливка|NOUN,сливкой
сливка|NOUN,сливкою
сливка|NOUN,сливку
сливка|NOUN,сливок
сливочный|ADJF,посливочнее
сливочный|ADJF,посливочней
сливочный|ADJF,сливочен
сливочный|ADJF,сливочна
сливочный|ADJF,сливочная
сливочный|ADJF,сливочнее
сливочный|ADJF,сливочней
сливочный|ADJF,сливочно
сливочный|ADJF,сливочного
сливочный|ADJF,сливочное
сливочный|ADJF,сливочной
сливочный|ADJF,сливочном
сливочный|ADJF,сливочному
сливочный|ADJF,сливочною
сливочный|ADJF,сливочную
сливочный|ADJF,сливочны
сливочный|ADJF,сливочные
сливочный|ADJF,сливочный
сливочный|ADJF,сливочным
сливочный|ADJF,сливочными
сливочный|ADJF,сливочных
слоеный|ADJF,послоенее
слоеный|ADJF,послоеней
слоеный|ADJF,слоен
слоеный|ADJF,слоена
слоеный|ADJF,слоеная
слоеный|ADJF,слоенее
слоеный|ADJF,слоеней
слоеный|ADJF,слоено
слоеный|ADJF,слоеного
слоеный|ADJF,слоеное
слоеный|ADJF,слоеной
слоеный|ADJF,слоеном
слоеный|ADJF,слоеному
слоеный|ADJF,слоеною
слоеный|ADJF,слоеную
слоеный|ADJF,слоены
слоеный|ADJF,слоеные
слоеный|ADJF,слоеный
слоеный|ADJF,слоеным
слоеный|ADJF,слоеными
слоеный|ADJF,слоеных
слойка|NOUN,слоек
слойка|NOUN,слойка
слойка|NOUN,слойкам
слойка|NOUN,слойками
слойка|NOUN,слойках
слойка|NOUN,слойке
слойка|NOUN,слойки
слойка|NOUN,слойкой
слойка|NOUN,слойкою
слойка|NOUN,слойку
смесь|NOUN,смесей
смесь|NOUN,смеси
смесь|NOUN,смесь
смесь|NOUN,смесью
смесь|NOUN,смесям
смесь|NOUN,смесями
смесь|NOUN,смесях
сметана|NOUN,сметан
сметана|NOUN,сметана
сметана|NOUN,сметанам
сметана|NOUN,сметанами
сметана|NOUN,сметанах
сметана|NOUN,сметане
сметана|NOUN,сметаной
сметана|NOUN,сметаною
сметана|NOUN,сметану
сметана|NOUN,сметаны
смешанный|ADJF,посмешаннее
смешанный|ADJF,посмешанней
смешанный|ADJF,смешан
смешанный|ADJF,смешанна
смешанный|ADJF,смешанная
смешанный|ADJF,смешаннее
смешанный|ADJF,смешанней
смешанный|ADJF,смешанно
смешанный|ADJF,смешанного
смешанный|ADJF,смешанное
смешанный|ADJF,смешанной
смешанный|ADJF,смешанном
смешанный|ADJF,смешанному
смешанный|ADJF,смешанною
смешанный|ADJF,смешанную
смешанный|ADJF,смешанны
смешанный|ADJF,смешанные
смешанный|ADJF,смешанный
смешанный|ADJF,смешанным
смешанный|ADJF,смешанными
смешанный|ADJF,смешанных
смит|NOUN,смит
смит|NOUN,смита
смит|NOUN,смитам
смит|NOUN,смитами
смит|NOUN,смитах
смит|NOUN,смите
смит|NOUN,смитов
смит|NOUN,смитом
смит|NOUN,смиту
смит|NOUN,смиты
смородина|NOUN,смородин
смородина|NOUN,смородина
смородина|NOUN,смородинам
смородина|NOUN,смородинами
смородина|NOUN,смородинах
смородина|NOUN,смородине
смородина|NOUN,смородиной
смородина|NOUN,смородиною
смородина|NOUN,смородину
смородина|NOUN,смородины
соб|NOUN,соб
соб|NOUN,соба
соб|NOUN,собам
соб|NOUN,собами
соб|NOUN,собах
соб|NOUN,собе
соб|NOUN,собов
соб|NOUN,собом
соб|NOUN,собу
соб|NOUN,собы
соевый|ADJF,посоевее
соевый|ADJF,посоевей
соевый|ADJF,соев
соевый|ADJF,соева
соевый|ADJF,соевая
соевый|ADJF,соевее
соевый|ADJF,соевей
соевый|ADJF,соево
соевый|ADJF,соевого
соевый|ADJF,соевое
соевый|ADJF,соевой
соевый|ADJF,соевом
соевый|ADJF,соевому
соевый|ADJF,соевою
соевый|ADJF,соевую
соевый|ADJF,соевы
соевый|ADJF,соевые
соевый|ADJF,соевый
соевый|ADJF,соевым
соевый|ADJF,соевыми
соевый|ADJF,соевых
сок|NOUN,сок
сок|NOUN,сока
сок|NOUN,сокам
сок|NOUN,соками
сок|NOUN,соках
сок|NOUN,соке
сок|NOUN,соки
сок|NOUN,соков
сок|NOUN,соком
сок|NOUN,соку
соленый|ADJF,посолонее
соленый|ADJF,посолоней
соленый|ADJF,соленая
соленый|ADJF,соленого
соленый|ADJF,соленое
соленый|ADJF,соленой
соленый|ADJF,соленом
соленый|ADJF,соленому
соленый|ADJF,соленою
соленый|ADJF,соленую
соленый|ADJF,соленые
соленый|ADJF,соленый
соленый|ADJF,соленым
соленый|ADJF,солеными
соленый|ADJF,соленых
соленый|ADJF,солон
соленый|ADJF,солона
соленый|ADJF,солонее
соленый|ADJF,солоней
соленый|ADJF,солоно
соленый|ADJF,солоны
соль|NOUN,солей
соль|NOUN,соли
соль|NOUN,соль
соль|NOUN,солью
соль|NOUN,солям
соль|NOUN,солями
соль|NOUN,солях
сом|NOUN,сом
сом|NOUN,сома
сом|NOUN,сомам
сом|NOUN,сомами
сом|NOUN,сомах
сом|NOUN,соме
сом|NOUN,сомов
сом|NOUN,сомой
сом|NOUN,сомом
сом|NOUN,сомою
сом|NOUN,сому
сом|NOUN,сомы
соты|NOUN,сот
соты|NOUN,сотам
соты|NOUN,сотами
соты|NOUN,сотах
соты|NOUN,сотов
соты|NOUN,соты
соус|NOUN,соус
соус|NOUN,соуса
соус|NOUN,соусам
соус|NOUN,соусами
соус|NOUN,соусах
соус|NOUN,соусе
соус|NOUN,соусов
соус|NOUN,соусом
соус|NOUN,соусу
соус|NOUN,соусы
соя|NOUN,сое
соя|NOUN,соей
соя|NOUN,соею
соя|NOUN,сои
соя|NOUN,сой
соя|NOUN,сою
соя|NOUN,соя
соя|NOUN,соям
соя|NOUN,соями
соя|NOUN,соях
спагетти|NOUN,спагетти
спаржа|NOUN,спарж
спаржа|NOUN,спаржа
спаржа|NOUN,спаржам
спаржа|NOUN,спаржами
спаржа|NOUN,спаржах
спаржа|NOUN,спарже
спаржа|NOUN,спаржей
спаржа|NOUN,спаржею
спаржа|NOUN,спаржи
спаржа|NOUN,спаржу
специя|NOUN,специей
специя|NOUN,специею
специя|NOUN,специи
специя|NOUN,специй
специя|NOUN,специю
специя|NOUN,специя
специя|NOUN,специям
специя|NOUN,специями
специя|NOUN,специях
спиралька|NOUN,спиралек
спиралька|NOUN,спиралька
спиралька|NOUN,спиралькам
спиралька|NOUN,спиральками
спиралька|NOUN,спиральках
спиралька|NOUN,спиральке
спиралька|NOUN,спиральки
спиралька|NOUN,спиралькой
спиралька|NOUN,спиралькою
спиралька|NOUN,спиральку
ставрида|NOUN,ставрид
ставрида|NOUN,ставрида
ставрида|NOUN,ставридам
ставрида|NOUN,ставридами
ставрида|NOUN,ставридах
ставрида|NOUN,ставриде
ставрида|NOUN,ставридой
ставрида|NOUN,ставридою
ставрида|NOUN,ставриду
ставрида|NOUN,ставриды
стеблевой|ADJF,постеблевее
стеблевой|ADJF,постеблевей
стеблевой|ADJF,стеблевая
стеблевой|ADJF,стеблевее
стеблевой|ADJF,стеблевей
стеблевой|ADJF,стеблевого
стеблевой|ADJF,стеблевое
стеблевой|ADJF,стеблевой
стеблевой|ADJF,стеблевом
стеблевой|ADJF,стеблевому
стеблевой|ADJF,стеблевою
стеблевой|ADJF,стеблевую
стеблевой|ADJF,стеблевые
стеблевой|ADJF,стеблевым
стеблевой|ADJF,стеблевыми
стеблевой|ADJF,стеблевых
стейк|NOUN,стейк
стейк|NOUN,стейка
стейк|NOUN,стейкам
стейк|NOUN,стейками
стейк|NOUN,стейках
стейк|NOUN,стейке
стейк|NOUN,стейки
стейк|NOUN,стейков
стейк|NOUN,стейком
стейк|NOUN,стейку
стеклянный|ADJF,стеклянная
стеклянный|ADJF,стеклянного
стеклянный|ADJF,стеклянное
стеклянный|ADJF,стеклянной
стеклянный|ADJF,стеклянном
стеклянный|ADJF,стеклянному
стеклянный|ADJF,стеклянною
стеклянный|ADJF,стеклянную
стеклянный|ADJF,стеклянные
стеклянный|ADJF,стеклянный
стеклянный|ADJF,стеклянным
стеклянный|ADJF,стеклянными
стеклянный|ADJF,стеклянных
стерлядь|NOUN,стерлядей
стерлядь|NOUN,стерляди
стерлядь|NOUN,стерлядь
стерлядь|NOUN,стерлядью
стерлядь|NOUN,стерлядям
стерлядь|NOUN,стерлядями
стерлядь|NOUN,стерлядях
столовый|ADJF,постоловее
столовый|ADJF,постоловей
столовый|ADJF,столовая
столовый|ADJF,столовее
столовый|ADJF,столовей
столовый|ADJF,столового
столовый|ADJF,столовое
столовый|ADJF,столовой
столовый|ADJF,столовом
столовый|ADJF,столовому
столовый|ADJF,столовою
столовый|ADJF,столовую
столовый|ADJF,столовые
столовый|ADJF,столовый
столовый|ADJF,столовым
столовый|ADJF,столовыми
столовый|ADJF,столовых
стригун|NOUN,стригун
стригун|NOUN,стригуна
стригун|NOUN,стригунам
стригун|NOUN,стригунами
стригун|NOUN,стригунах
стригун|NOUN,стригуне
стригун|NOUN,стригунов
стригун|NOUN,стригуном
стригун|NOUN,стригуну
стригун|NOUN,стригуны
стружка|NOUN,стружек
стружка|NOUN,стружка
стружка|NOUN,стружкам
стружка|NOUN,стружками
стружка|NOUN,стружках
стружка|NOUN,стружке
стружка|NOUN,стружки
стружка|NOUN,стружкой
стружка|NOUN,стружкою
стружка|NOUN,стружку
стручковый|ADJF,постручковее
стручковый|ADJF,постручковей
стручковый|ADJF,стручков
стручковый|ADJF,стручкова
стручковый|ADJF,стручковая
стручковый|ADJF,стручковее
стручковый|ADJF,стручковей
стручковый|ADJF,стручково
стручковый|ADJF,стручкового
стручковый|ADJF,стручковое
стручковый|ADJF,стручковой
стручковый|ADJF,стручковом
стручковый|ADJF,стручковому
стручковый|ADJF,стручковою
стручковый|ADJF,стручковую
стручковый|ADJF,стручковы
стручковый|ADJF,стручковые
стручковый|ADJF,стручковый
стручковый|ADJF,стручковым
стручковый|ADJF,стручковыми
стручковый|ADJF,стручковых
судак|NOUN,судак
судак|NOUN,судака
судак|NOUN,судакам
судак|NOUN,судаками
судак|NOUN,судаках
судак|NOUN,судаке
судак|NOUN,судаки
судак|NOUN,судаков
судак|NOUN,судаком
судак|NOUN,судаку
сулугуни|NOUN,сулугуни
сумах|NOUN,сумах
сумах|NOUN,сумаха
сумах|NOUN,сумахам
сумах|NOUN,сумахами
сумах|NOUN,сумахах
сумах|NOUN,сумахе
сумах|NOUN,сумахи
сумах|NOUN,сумахов
сумах|NOUN,сумахом
сумах|NOUN,сумаху
суповой|ADJF,посуповее
суповой|ADJF,посуповей
суповой|ADJF,суповая
суповой|ADJF,суповее
суповой|ADJF,суповей
суповой|ADJF,супового
суповой|ADJF,суповое
суповой|ADJF,суповой
суповой|ADJF,суповом
суповой|ADJF,суповому
суповой|ADJF,суповою
суповой|ADJF,суповую
суповой|ADJF,суповые
суповой|ADJF,суповым
суповой|ADJF,суповыми
суповой|ADJF,суповых
сура|NOUN,сур
сура|NOUN,сура
сура|NOUN,сурам
сура|NOUN,сурами
сура|NOUN,сурах
сура|NOUN,суре
сура|NOUN,сурой
сура|NOUN,сурою
сура|NOUN,суру
сура|NOUN,суры
сухарь|NOUN,сухаре
сухарь|NOUN,сухарей
сухарь|NOUN,сухарем
сухарь|NOUN,сухари
сухарь|NOUN,сухарь
сухарь|NOUN,сухарю
сухарь|NOUN,сухаря
сухарь|NOUN,сухарям
сухарь|NOUN,сухарями
сухарь|NOUN,сухарях
сухой|ADJF,посуше
сухой|ADJF,сух
сухой|ADJF,суха
сухой|ADJF,сухая
сухой|ADJF,сухи
сухой|ADJF,сухие
сухой|ADJF,сухим
сухой|ADJF,сухими
сухой|ADJF,сухих
сухой|ADJF,сухо
сухой|ADJF,сухого
сухой|ADJF,сухое
сухой|ADJF,сухой
сухой|ADJF,сухом
сухой|ADJF,сухому
сухой|ADJF,сухою
сухой|ADJF,сухую
сухой|ADJF,суше
сушеный|ADJF,посушенее
сушеный|ADJF,посушеней
сушеный|ADJF,сушен
сушеный|ADJF,сушена
сушеный|ADJF,сушеная
сушеный|ADJF,сушенее
сушеный|ADJF,сушеней
сушеный|ADJF,сушено
сушеный|ADJF,сушеного
сушеный|ADJF,сушеное
сушеный|ADJF,сушеной
сушеный|ADJF,сушеном
сушеный|ADJF,сушеному
сушеный|ADJF,сушеною
сушеный|ADJF,сушеную
сушеный|ADJF,сушены
сушеный|ADJF,сушеные
сушеный|ADJF,сушеный
сушеный|ADJF,сушеным
сушеный|ADJF,сушеными
сушеный|ADJF,сушеных
сыворотка|NOUN,сыворотка
сыворотка|NOUN,сывороткам
сыворотка|NOUN,сыворотками
сыворотка|NOUN,сыворотках
сыворотка|NOUN,сыворотке
сыворотка|NOUN,сыворотки
сыворотка|NOUN,сывороткой
сыворотка|NOUN,сывороткою
сыворотка|NOUN,сыворотку
сыворотка|NOUN,сывороток
сыр|NOUN,сыр
сыр|NOUN,сыра
сыр|NOUN,сырам
сыр|NOUN,сырами
сыр|NOUN,сырах
сыр|NOUN,сыре
сыр|NOUN,сыров
сыр|NOUN,сыром
сыр|NOUN,сыру
сыр|NOUN,сыры
тан|NOUN,тан
тан|NOUN,тана
тан|NOUN,танам
тан|NOUN,танами
тан|NOUN,танах
тан|NOUN,тане
тан|NOUN,танов
тан|NOUN,таном
тан|NOUN,тану
тан|NOUN,таны
тара|NOUN,тар
тара|NOUN,тара
тара|NOUN,тарам
тара|NOUN,тарами
тара|NOUN,тарах
тара|NOUN,таре
тара|NOUN,тарой
тара|NOUN,тарою
тара|NOUN,тару
тара|NOUN,тары
тархун|NOUN,тархун
тархун|NOUN,тархуна
тархун|NOUN,тархунам
тархун|NOUN,тархунами
тархун|NOUN,тархунах
тархун|NOUN,тархуне
тархун|NOUN,тархунов
тархун|NOUN,тархуном
тархун|NOUN,тархуну
тархун|NOUN,тархуны
твердый|ADJF,потверже
твердый|ADJF,тверд
твердый|ADJF,тверда
твердый|ADJF,твердая
твердый|ADJF,твердо
твердый|ADJF,твердого
твердый|ADJF,твердое
твердый|ADJF,твердой
твердый|ADJF,твердом
твердый|ADJF,твердому
твердый|ADJF,твердою
твердый|ADJF,твердую
твердый|ADJF,тверды
твердый|ADJF,твердые
твердый|ADJF,твердый
твердый|ADJF,твердым
твердый|ADJF,твердыми
твердый|ADJF,твердых
твердый|ADJF,тверже
творог|NOUN,творог
творог|NOUN,творога
творог|NOUN,творогам
творог|NOUN,творогами
творог|NOUN,творогах
творог|NOUN,твороге
творог|NOUN,твороги
творог|NOUN,творогов
творог|NOUN,творогом
творог|NOUN,творогу
творожный|ADJF,потворожнее
творожный|ADJF,потворожней
творожный|ADJF,творожен
творожный|ADJF,творожна
творожный|ADJF,творожная
творожный|ADJF,творожнее
творожный|ADJF,творожней
творожный|ADJF,творожно
творожный|ADJF,творожного
творожный|ADJF,творожное
творожный|ADJF,творожной
творожный|ADJF,творожном
творожный|ADJF,творожному
творожный|ADJF,творожною
творожный|ADJF,творожную
творожный|ADJF,творожны
творожный|ADJF,творожные
творожный|ADJF,творожный
творожный|ADJF,творожным
творожный|ADJF,творожными
творожный|ADJF,творожных
теленок|NOUN,теленка
теленок|NOUN,теленке
теленок|NOUN,теленком
теленок|NOUN,теленку
теленок|NOUN,теленок
теленок|NOUN,телят
теленок|NOUN,телята
теленок|NOUN,телятам
теленок|NOUN,телятами
теленок|NOUN,телятах
телятина|NOUN,телятин
телятина|NOUN,телятина
телятина|NOUN,телятинам
телятина|NOUN,телятинами
телятина|NOUN,телятинах
телятина|NOUN,телятине
телятина|NOUN,телятиной
телятина|NOUN,телятиною
телятина|NOUN,телятину
телятина|NOUN,телятины
телячий|ADJF,телячий
телячий|ADJF,телячье
телячий|ADJF,телячьего
телячий|ADJF,телячьей
телячий|ADJF,телячьем
телячий|ADJF,телячьему
телячий|ADJF,телячьею
телячий|ADJF,телячьи
телячий|ADJF,телячьим
телячий|ADJF,телячьими
телячий|ADJF,телячьих
телячий|ADJF,телячью
телячий|ADJF,телячья
темный|ADJF,потемнее
темный|ADJF,потемней
темный|ADJF,темен
темный|ADJF,темна
темный|ADJF,темная
темный|ADJF,темнее
темный|ADJF,темней
темный|ADJF,темно
темный|ADJF,темного
темный|ADJF,темное
темный|ADJF,темной
темный|ADJF,темном
темный|ADJF,темному
темный|ADJF,темною
темный|ADJF,темную
темный|ADJF,темны
темный|ADJF,темные
темный|ADJF,темный
темный|ADJF,темным
темный|ADJF,темными
темный|ADJF,темных
тесто|NOUN,тест
тесто|NOUN,теста
тесто|NOUN,тестам
тесто|NOUN,тестами
тесто|NOUN,тестах
тесто|NOUN,тесте
тесто|NOUN,тесто
тесто|NOUN,тестом
тесто|NOUN,тесту
тигровый|ADJF,тигровая
тигровый|ADJF,тигрового
тигровый|ADJF,тигровое
тигровый|ADJF,тигровой
тигровый|ADJF,тигровом
тигровый|ADJF,тигровому
тигровый|ADJF,тигровою
тигровый|ADJF,тигровую
тигровый|ADJF,тигровые
тигровый|ADJF,тигровый
тигровый|ADJF,тигровым
тигровый|ADJF,тигровыми
тигровый|ADJF,тигровых
тимьян|NOUN,тимьян
тимьян|NOUN,тимьяна
тимьян|NOUN,тимьянам
тимьян|NOUN,тимьянами
тимьян|NOUN,тимьянах
тимьян|NOUN,тимьяне
тимьян|NOUN,тимьянов
тимьян|NOUN,тимьяном
тимьян|NOUN,тимьяну
тимьян|NOUN,тимьяны
тихоокеанский|ADJF,тихоокеанская
тихоокеанский|ADJF,тихоокеанские
тихоокеанский|ADJF,тихоокеанский
тихоокеанский|ADJF,тихоокеанским
тихоокеанский|ADJF,тихоокеанскими
тихоокеанский|ADJF,тихоокеанских
тихоокеанский|ADJF,тихоокеанского
тихоокеанский|ADJF,тихоокеанское
тихоокеанский|ADJF,тихоокеанской
тихоокеанский|ADJF,тихоокеанском
тихоокеанский|ADJF,тихоокеанскому
тихоокеанский|ADJF,тихоокеанскою
тихоокеанский|ADJF,тихоокеанскую
ткемали|NOUN,ткемали
толокно|NOUN,толокна
толокно|NOUN,толокне
толокно|NOUN,толокно
толокно|NOUN,толокном
толокно|NOUN,толокну
толстолобик|NOUN,толстолобик
толстолобик|NOUN,толстолобика
толстолобик|NOUN,толстолобикам
толстолобик|NOUN,толстолобиками
толстолобик|NOUN,толстолобиках
толстолобик|NOUN,толстолобике
толстолобик|NOUN,толстолобики
толстолобик|NOUN,толстолобиков
толстолобик|NOUN,толстолобиком
толстолобик|NOUN,толстолобику
томагавк|NOUN,томагавк
томагавк|NOUN,томагавка
томагавк|NOUN,томагавкам
томагавк|NOUN,томагавками
томагавк|NOUN,томагавках
томагавк|NOUN,томагавке
томагавк|NOUN,томагавки
томагавк|NOUN,томагавков
томагавк|NOUN,томагавком
томагавк|NOUN,томагавку
томат|NOUN,томат
томат|NOUN,томата
томат|NOUN,томатам
томат|NOUN,томатами
томат|NOUN,томатах
томат|NOUN,томате
томат|NOUN,томатов
томат|NOUN,томатом
томат|NOUN,томату
томат|NOUN,томаты
томатный|ADJF,потоматнее
томатный|ADJF,потоматней
томатный|ADJF,томатен
томатный|ADJF,томатна
томатный|ADJF,томатная
томатный|ADJF,томатнее
томатный|ADJF,томатней
томатный|ADJF,томатно
томатный|ADJF,томатного
томатный|ADJF,томатное
томатный|ADJF,томатной
томатный|ADJF,томатном
томатный|ADJF,томатному
томатный|ADJF,томатною
томатный|ADJF,томатную
томатный|ADJF,томатны
томатный|ADJF,томатные
томатный|ADJF,томатный
томатный|ADJF,томатным
томатный|ADJF,томатными
томатный|ADJF,томатных
топленый|ADJF,потопленее
топленый|ADJF,потопленей
топленый|ADJF,топлен
топленый|ADJF,топлена
топленый|ADJF,топленая
топленый|ADJF,топленее
топленый|ADJF,топленей
топленый|ADJF,топлено
топленый|ADJF,топленого
топленый|ADJF,топленое
топленый|ADJF,топленой
топленый|ADJF,топленом
топленый|ADJF,топленому
топленый|ADJF,топленою
топленый|ADJF,топленую
топленый|ADJF,топлены
топленый|ADJF,топленые
топленый|ADJF,топленый
топленый|ADJF,топленым
топленый|ADJF,топлеными
топленый|ADJF,топленых
торпеда|NOUN,торпед
торпеда|NOUN,торпеда
торпеда|NOUN,торпедам
торпеда|NOUN,торпедами
торпеда|NOUN,торпедах
торпеда|NOUN,торпеде
торпеда|NOUN,торпедой
торпеда|NOUN,торпедою
торпеда|NOUN,торпеду
торпеда|NOUN,торпеды
трава|NOUN,трав
трава|NOUN,трава
трава|NOUN,травам
трава|NOUN,травами
трава|NOUN,травах
трава|NOUN,траве
трава|NOUN,травой
трава|NOUN,травою
трава|NOUN,траву
трава|NOUN,травы
травяной|ADJF,потравянее
травяной|ADJF,потравяней
травяной|ADJF,травяная
травяной|ADJF,травянее
травяной|ADJF,травяней
травяной|ADJF,травяного
травяной|ADJF,травяное
травяной|ADJF,травяной
травяной|ADJF,травяном
травяной|ADJF,травяному
травяной|ADJF,травяною
травяной|ADJF,травяную
травяной|ADJF,травяные
травяной|ADJF,травяным
травяной|ADJF,травяными
травяной|ADJF,травяных
требуха|NOUN,требуха
требуха|NOUN,требухе
требуха|NOUN,требухи
требуха|NOUN,требухой
требуха|NOUN,требухою
требуха|NOUN,требуху
треск|NOUN,треск
треск|NOUN,треска
треск|NOUN,трескам
треск|NOUN,тресками
треск|NOUN,тресках
треск|NOUN,треске
треск|NOUN,трески
треск|NOUN,тресков
треск|NOUN,треском
треск|NOUN,треску
тростниковый|ADJF,потростниковее
тростниковый|ADJF,потростниковей
тростниковый|ADJF,тростников
тростниковый|ADJF,тростникова
тростниковый|ADJF,тростниковая
тростниковый|ADJF,тростниковее
тростниковый|ADJF,тростниковей
тростниковый|ADJF,тростниково
тростниковый|ADJF,тростникового
тростниковый|ADJF,тростниковое
тростниковый|ADJF,тростниковой
тростниковый|ADJF,тростниковом
тростниковый|ADJF,тростниковому
тростниковый|ADJF,тростниковою
тростниковый|ADJF,тростниковую
тростниковый|ADJF,тростниковы
тростниковый|ADJF,тростниковые
тростниковый|ADJF,тростниковый
тростниковый|ADJF,тростниковым
тростниковый|ADJF,тростниковыми
тростниковый|ADJF,тростниковых
тунец|NOUN,тунец
тунец|NOUN,тунца
тунец|NOUN,тунцам
тунец|NOUN,тунцами
тунец|NOUN,тунцах
тунец|NOUN,тунце
тунец|NOUN,тунцов
тунец|NOUN,тунцом
тунец|NOUN,тунцу
тунец|NOUN,тунцы
турецкий|ADJF,турецкая
турецкий|ADJF,турецкие
турецкий|ADJF,турецкий
турецкий|ADJF,турецким
турецкий|ADJF,турецкими
турецкий|ADJF,турецких
турецкий|ADJF,турецкого
турецкий|ADJF,турецкое
турецкий|ADJF,турецкой
турецкий|ADJF,турецком
турецкий|ADJF,турецкому
турецкий|ADJF,турецкою
турецкий|ADJF,турецкую
тушка|NOUN,тушек
тушка|NOUN,тушка
тушка|NOUN,тушкам
тушка|NOUN,тушками
тушка|NOUN,тушках
тушка|NOUN,тушке
тушка|NOUN,тушки
тушка|NOUN,тушкой
тушка|NOUN,тушкою
тушка|NOUN,тушку
тыква|NOUN,тыкв
тыква|NOUN,тыква
тыква|NOUN,тыквам
тыква|NOUN,тыквами
тыква|NOUN,тыквах
тыква|NOUN,тыкве
тыква|NOUN,тыквой
тыква|NOUN,тыквою
тыква|NOUN,тыкву
тыква|NOUN,тыквы
тыквенный|ADJF,потыквеннее
тыквенный|ADJF,потыквенней
тыквенный|ADJF,тыквенна
тыквенный|ADJF,тыквенная
тыквенный|ADJF,тыквеннее
тыквенный|ADJF,тыквенней
тыквенный|ADJF,тыквенно
тыквенный|ADJF,тыквенного
тыквенный|ADJF,тыквенное
тыквенный|ADJF,тыквенной
тыквенный|ADJF,тыквенном
тыквенный|ADJF,тыквенному
тыквенный|ADJF,тыквенною
тыквенный|ADJF,тыквенную
тыквенный|ADJF,тыквенны
тыквенный|ADJF,тыквенные
тыквенный|ADJF,тыквенный
тыквенный|ADJF,тыквенным
тыквенный|ADJF,тыквенными
тыквенный|ADJF,тыквенных
угорь|NOUN,угорь
угорь|NOUN,угре
угорь|NOUN,угрей
угорь|NOUN,угрем
угорь|NOUN,угри
угорь|NOUN,угрю
угорь|NOUN,угря
угорь|NOUN,угрям
угорь|NOUN,угрями
угорь|NOUN,угрях
укроп|NOUN,укроп
укроп|NOUN,укропа
укроп|NOUN,укропам
укроп|NOUN,укропами
укроп|NOUN,укропах
укроп|NOUN,укропе
укроп|NOUN,укропов
укроп|NOUN,укропом
укроп|NOUN,укропу
укроп|NOUN,укропы
уксус|NOUN,уксус
уксус|NOUN,уксуса
уксус|NOUN,уксусам
уксус|NOUN,уксусами
уксус|NOUN,уксусах
уксус|NOUN,уксусе
уксус|NOUN,уксусов
уксус|NOUN,уксусом
уксус|NOUN,уксусу
уксус|NOUN,уксусы
урюк|NOUN,урюк
урюк|NOUN,урюка
урюк|NOUN,урюкам
урюк|NOUN,урюками
урюк|NOUN,урюках
урюк|NOUN,урюке
урюк|NOUN,урюки
урюк|NOUN,урюков
урюк|NOUN,урюком
урюк|NOUN,урюку
устрица|NOUN,устриц
устрица|NOUN,устрица
устрица|NOUN,устрицам
устрица|NOUN,устрицами
устрица|NOUN,устрицах
устрица|NOUN,устрице
устрица|NOUN,устрицей
устрица|NOUN,устрицею
устрица|NOUN,устрицу
устрица|NOUN,устрицы
устричный|ADJF,поустричнее
устричный|ADJF,поустричней
устричный|ADJF,устричен
устричный|ADJF,устрична
устричный|ADJF,устричная
устричный|ADJF,устричнее
устричный|ADJF,устричней
устричный|ADJF,устрично
устричный|ADJF,устричного
устричный|ADJF,устричное
устричный|ADJF,устричной
устричный|ADJF,устричном
устричный|ADJF,устричному
устричный|ADJF,устричною
устричный|ADJF,устричную
устричный|ADJF,устричны
устричный|ADJF,устричные
устричный|ADJF,устричный
устричный|ADJF,устричным
устричный|ADJF,устричными
устричный|ADJF,устричных
утиный|ADJF,поутинее
утиный|ADJF,поутиней
утиный|ADJF,утин
утиный|ADJF,утина
утиный|ADJF,утиная
утиный|ADJF,утинее
утиный|ADJF,утиней
утиный|ADJF,утино
утиный|ADJF,утиного
утиный|ADJF,утиное
утиный|ADJF,утиной
утиный|ADJF,утином
утиный|ADJF,утиному
утиный|ADJF,утиною
утиный|ADJF,утиную
утиный|ADJF,утины
утиный|ADJF,утиные
утиный|ADJF,утиный
утиный|ADJF,утиным
утиный|ADJF,утиными
утиный|ADJF,утиных
утка|NOUN,утка
утка|NOUN,уткам
утка|NOUN,утками
утка|NOUN,утках
утка|NOUN,утке
утка|NOUN,утки
утка|NOUN,уткой
утка|NOUN,уткою
утка|NOUN,утку
утка|NOUN,уток
уха|NOUN,уха
уха|NOUN,ухе
уха|NOUN,ухи
уха|NOUN,ухой
уха|NOUN,ухою
уха|NOUN,уху
фарш|NOUN,фарш
фарш|NOUN,фарша
фарш|NOUN,фаршам
фарш|NOUN,фаршами
фарш|NOUN,фаршах
фарш|NOUN,фарше
фарш|NOUN,фаршей
фарш|NOUN,фаршем
фарш|NOUN,фарши
фарш|NOUN,фаршу
фасоль|NOUN,фасолей
фасоль|NOUN,фасоли
фасоль|NOUN,фасоль
фасоль|NOUN,фасолью
фасоль|NOUN,фасолям
фасоль|NOUN,фасолями
фасоль|NOUN,фасолях
фейхоа|NOUN,фейхоа
фейхоа|NOUN,фейхуа
фермерский|ADJF,фермерская
фермерский|ADJF,фермерские
фермерский|ADJF,фермерский
фермерский|ADJF,фермерским
фермерский|ADJF,фермерскими
фермерский|ADJF,фермерских
фермерский|ADJF,фермерского
фермерский|ADJF,фермерское
фермерский|ADJF,фермерской
фермерский|ADJF,фермерском
фермерский|ADJF,фермерскому
фермерский|ADJF,фермерскою
фермерский|ADJF,фермерскую
фет|NOUN,фет
фет|NOUN,фета
фет|NOUN,фетам
фет|NOUN,фетами
фет|NOUN,фетах
фет|NOUN,фете
фет|NOUN,фетов
фет|NOUN,фетом
фет|NOUN,фету
фет|NOUN,феты
филе|NOUN,филе
финик|NOUN,финик
финик|NOUN,финика
финик|NOUN,финикам
финик|NOUN,финиками
финик|NOUN,финиках
финик|NOUN,финике
финик|NOUN,финики
финик|NOUN,фиников
финик|NOUN,фиником
финик|NOUN,финику
фиолетовый|ADJF,пофиолетовее
фиолетовый|ADJF,пофиолетовей
фиолетовый|ADJF,фиолетов
фиолетовый|ADJF,фиолетова
фиолетовый|ADJF,фиолетовая
фиолетовый|ADJF,фиолетовее
фиолетовый|ADJF,фиолетовей
фиолетовый|ADJF,фиолетовейшая
фиолетовый|ADJF,фиолетовейшего
фиолетовый|ADJF,фиолетовейшее
фиолетовый|ADJF,фиолетовейшей
фиолетовый|ADJF,фиолетовейшем
фиолетовый|ADJF,фиолетовейшему
фиолетовый|ADJF,фиолетовейшею
фиолетовый|ADJF,фиолетовейшие
фиолетовый|ADJF,фиолетовейший
фиолетовый|ADJF,фиолетовейшим
фиолетовый|ADJF,фиолетовейшими
фиолетовый|ADJF,фиолетовейших
фиолетовый|ADJF,фиолетовейшую
фиолетовый|ADJF,фиолетово
фиолетовый|ADJF,фиолетового
фиолетовый|ADJF,фиолетовое
фиолетовый|ADJF,фиолетовой
фиолетовый|ADJF,фиолетовом
фиолетовый|ADJF,фиолетовому
фиолетовый|ADJF,фиолетовою
фиолетовый|ADJF,фиолетовую
фиолетовый|ADJF,фиолетовы
фиолетовый|ADJF,фиолетовые
фиолетовый|ADJF,фиолетовый
фиолетовый|ADJF,фиолетовым
фиолетовый|ADJF,фиолетовыми
фиолетовый|ADJF,фиолетовых
фисташка|NOUN,фисташек
фисташка|NOUN,фисташка
фисташка|NOUN,фисташкам
фисташка|NOUN,фисташками
фисташка|NOUN,фисташках
фисташка|NOUN,фисташке
фисташка|NOUN,фисташки
фисташка|NOUN,фисташкой
фисташка|NOUN,фисташкою
фисташка|NOUN,фисташку
форель|NOUN,форелей
форель|NOUN,форели
форель|NOUN,форель
форель|NOUN,форелью
форель|NOUN,форелям
форель|NOUN,форелями
форель|NOUN,форелях
фрукт|NOUN,фрукт
фрукт|NOUN,фрукта
фрукт|NOUN,фруктам
фрукт|NOUN,фруктами
фрукт|NOUN,фруктах
фрукт|NOUN,фрукте
фрукт|NOUN,фруктов
фрукт|NOUN,фруктом
фрукт|NOUN,фрукту
фрукт|NOUN,фрукты
фруктовый|ADJF,фруктовая
фруктовый|ADJF,фруктового
фруктовый|ADJF,фруктовое
фруктовый|ADJF,фруктовой
фруктовый|ADJF,фруктовом
фруктовый|ADJF,фруктовому
фруктовый|ADJF,фруктовою
фруктовый|ADJF,фруктовую
фруктовый|ADJF,фруктовые
фруктовый|ADJF,фруктовый
фруктовый|ADJF,фруктовым
фруктовый|ADJF,фруктовыми
фруктовый|ADJF,фруктовых
фундук|NOUN,фундук
фундук|NOUN,фундука
фундук|NOUN,фундукам
фундук|NOUN,фундуками
фундук|NOUN,фундуках
фундук|NOUN,фундуке
фундук|NOUN,фундуки
фундук|NOUN,фундуков
фундук|NOUN,фундуком
фундук|NOUN,фундуку
хамса|NOUN,хамса
хамса|NOUN,хамсе
хамса|NOUN,хамсой
хамса|NOUN,хамсою
хамса|NOUN,хамсу
хамса|NOUN,хамсы
хвост|NOUN,хвост
хвост|NOUN,хвоста
хвост|NOUN,хвостам
хвост|NOUN,хвостами
хвост|NOUN,хвостах
хвост|NOUN,хвосте
хвост|NOUN,хвостов
хвост|NOUN,хвостом
хвост|NOUN,хвосту
хвост|NOUN,хвосты
хек|NOUN,хек
хек|NOUN,хека
хек|NOUN,хекам
хек|NOUN,хеками
хек|NOUN,хеках
хек|NOUN,хеке
хек|NOUN,хеки
хек|NOUN,хеков
хек|NOUN,хеком
хек|NOUN,хеку
хлеб|NOUN,хлеб
хлеб|NOUN,хлеба
хлеб|NOUN,хлебам
хлеб|NOUN,хлебами
хлеб|NOUN,хлебах
хлеб|NOUN,хлебе
хлеб|NOUN,хлебов
хлеб|NOUN,хлебом
хлеб|NOUN,хлебу
хлеб|NOUN,хлебы
хлопковый|ADJF,похлопковее
хлопковый|ADJF,похлопковей
хлопковый|ADJF,хлопковая
хлопковый|ADJF,хлопковее
хлопковый|ADJF,хлопковей
хлопковый|ADJF,хлопкового
хлопковый|ADJF,хлопковое
хлопковый|ADJF,хлопковой
хлопковый|ADJF,хлопковом
хлопковый|ADJF,хлопковому
хлопковый|ADJF,хлопковою
хлопковый|ADJF,хлопковую
хлопковый|ADJF,хлопковые
хлопковый|ADJF,хлопковый
хлопковый|ADJF,хлопковым
хлопковый|ADJF,хлопковыми
хлопковый|ADJF,хлопковых
хлопья|NOUN,хлопьев
хлопья|NOUN,хлопья
хлопья|NOUN,хлопьям
хлопья|NOUN,хлопьями
хлопья|NOUN,хлопьях
хмель|NOUN,хмеле
хмель|NOUN,хмелей
хмель|NOUN,хмелем
хмель|NOUN,хмели
хмель|NOUN,хмель
хмель|NOUN,хмелю
хмель|NOUN,хмеля
хмель|NOUN,хмелям
хмель|NOUN,хмелями
хмель|NOUN,хмелях
хрен|NOUN,хрен
хрен|NOUN,хрена
хрен|NOUN,хренам
хрен|NOUN,хренами
хрен|NOUN,хренах
хрен|NOUN,хрене
хрен|NOUN,хренов
хрен|NOUN,хреном
хрен|NOUN,хрену
хрен|NOUN,хрены
хурма|NOUN,хурм
хурма|NOUN,хурма
хурма|NOUN,хурмам
хурма|NOUN,хурмами
хурма|NOUN,хурмах
хурма|NOUN,хурме
хурма|NOUN,хурмой
хурма|NOUN,хурмою
хурма|NOUN,хурму
хурма|NOUN,хурмы
цветной|ADJF,поцветнее
цветной|ADJF,поцветней
цветной|ADJF,цветная
цветной|ADJF,цветнее
цветной|ADJF,цветней
цветной|ADJF,цветного
цветной|ADJF,цветное
цветной|ADJF,цветной
цветной|ADJF,цветном
цветной|ADJF,цветному
цветной|ADJF,цветною
цветной|ADJF,цветную
цветной|ADJF,цветные
цветной|ADJF,цветным
цветной|ADJF,цветными
цветной|ADJF,цветных
цветочный|ADJF,поцветочнее
цветочный|ADJF,поцветочней
цветочный|ADJF,цветочен
цветочный|ADJF,цветочна
цветочный|ADJF,цветочная
цветочный|ADJF,цветочнее
цветочный|ADJF,цветочней
цветочный|ADJF,цветочно
цветочный|ADJF,цветочного
цветочный|ADJF,цветочное
цветочный|ADJF,цветочной
цветочный|ADJF,цветочном
цветочный|ADJF,цветочному
цветочный|ADJF,цветочною
цветочный|ADJF,цветочную
цветочный|ADJF,цветочны
цветочный|ADJF,цветочные
цветочный|ADJF,цветочный
цветочный|ADJF,цветочным
цветочный|ADJF,цветочными
цветочный|ADJF,цветочных
цикорий|NOUN,цикориев
цикорий|NOUN,цикорием
цикорий|NOUN,цикории
цикорий|NOUN,цикорий
цикорий|NOUN,цикорию
цикорий|NOUN,цикория
цикорий|NOUN,цикориям
цикорий|NOUN,цикориями
цикорий|NOUN,цикориях
цукат|NOUN,цукат
цукат|NOUN,цуката
цукат|NOUN,цукатам
цукат|NOUN,цукатами
цукат|NOUN,цукатах
цукат|NOUN,цукате
цукат|NOUN,цукатов
цукат|NOUN,цукатом
цукат|NOUN,цукату
цукат|NOUN,цукаты
цыпленок|NOUN,цыпленка
цыпленок|NOUN,цыпленке
цыпленок|NOUN,цыпленком
цыпленок|NOUN,цыпленку
цыпленок|NOUN,цыпленок
цыпленок|NOUN,цыплят
цыпленок|NOUN,цыплята
цыпленок|NOUN,цыплятам
цыпленок|NOUN,цыплятами
цыпленок|NOUN,цыплятах
чабрец|NOUN,чабрец
чабрец|NOUN,чабреца
чабрец|NOUN,чабрецам
чабрец|NOUN,чабрецами
чабрец|NOUN,чабрецах
чабрец|NOUN,чабреце
чабрец|NOUN,чабрецов
чабрец|NOUN,чабрецом
чабрец|NOUN,чабрецу
чабрец|NOUN,чабрецы
чай|NOUN,чае
чай|NOUN,чаев
чай|NOUN,чаем
чай|NOUN,чаи
чай|NOUN,чай
чай|NOUN,чаю
чай|NOUN,чая
чай|NOUN,чаям
чай|NOUN,чаями
чай|NOUN,чаях
чеддер|NOUN,чеддер
чеддер|NOUN,чеддера
чеддер|NOUN,чеддерам
чеддер|NOUN,чеддерами
чеддер|NOUN,чеддерах
чеддер|NOUN,чеддере
чеддер|NOUN,чеддеров
чеддер|NOUN,чеддером
чеддер|NOUN,чеддеру
чеддер|NOUN,чеддеры
черемша|NOUN,черемша
черемша|NOUN,черемшам
черемша|NOUN,черемшами
черемша|NOUN,черемшах
черемша|NOUN,черемше
черемша|NOUN,черемшей
черемша|NOUN,черемши
черемша|NOUN,черемшой
черемша|NOUN,черемшою
черемша|NOUN,черемшу
черешня|NOUN,черешен
черешня|NOUN,черешне
черешня|NOUN,черешней
черешня|NOUN,черешнею
черешня|NOUN,черешни
черешня|NOUN,черешню
черешня|NOUN,черешня
черешня|NOUN,черешням
черешня|NOUN,черешнями
черешня|NOUN,черешнях
черника|NOUN,черник
черника|NOUN,черника
черника|NOUN,черникам
черника|NOUN,черниками
черника|NOUN,черниках
черника|NOUN,чернике
черника|NOUN,черники
черника|NOUN,черникой
черника|NOUN,черникою
черника|NOUN,чернику
чернослив|NOUN,чернослив
чернослив|NOUN,чернослива
чернослив|NOUN,черносливам
чернослив|NOUN,черносливами
чернослив|NOUN,черносливах
чернослив|NOUN,черносливе
чернослив|NOUN,черносливов
чернослив|NOUN,черносливом
чернослив|NOUN,черносливу
чернослив|NOUN,черносливы
черный|ADJF,почернее
черный|ADJF,почерней
черный|ADJF,черен
черный|ADJF,черна
черный|ADJF,черная
черный|ADJF,чернее
черный|ADJF,черней
черный|ADJF,черно
черный|ADJF,черного
черный|ADJF,черное
черный|ADJF,черной
черный|ADJF,черном
черный|ADJF,черному
черный|ADJF,черною
черный|ADJF,черную
черный|ADJF,черны
черный|ADJF,черные
черный|ADJF,черный
черный|ADJF,черным
черный|ADJF,черными
черный|ADJF,черных
чеснок|NOUN,чеснок
чеснок|NOUN,чеснока
чеснок|NOUN,чеснокам
чеснок|NOUN,чесноками
чеснок|NOUN,чесноках
чеснок|NOUN,чесноке
чеснок|NOUN,чесноки
чеснок|NOUN,чесноков
чеснок|NOUN,чесноком
чеснок|NOUN,чесноку
четверть|NOUN,четвертей
четверть|NOUN,четверти
четверть|NOUN,четверть
четверть|NOUN,четвертью
четверть|NOUN,четвертям
четверть|NOUN,четвертями
четверть|NOUN,четвертях
чечевица|NOUN,чечевиц
чечевица|NOUN,чечевица
чечевица|NOUN,чечевицам
чечевица|NOUN,чечевицами
чечевица|NOUN,чечевицах
чечевица|NOUN,чечевице
чечевица|NOUN,чечевицей
чечевица|NOUN,чечевицею
чечевица|NOUN,чечевицу
чечевица|NOUN,чечевицы
чили|NOUN,чили
шалот|NOUN,шалот
шалот|NOUN,шалота
шалот|NOUN,шалотам
шалот|NOUN,шалотами
шалот|NOUN,шалотах
шалот|NOUN,шалоте
шалот|NOUN,шалотов
шалот|NOUN,шалотом
шалот|NOUN,шалоту
шалот|NOUN,шалоты
шампиньон|NOUN,шампиньон
шампиньон|NOUN,шампиньона
шампиньон|NOUN,шампиньонам
шампиньон|NOUN,шампиньонами
шампиньон|NOUN,шампиньонах
шампиньон|NOUN,шампиньоне
шампиньон|NOUN,шампиньонов
шампиньон|NOUN,шампиньоном
шампиньон|NOUN,шампиньону
шампиньон|NOUN,шампиньоны
шафран|NOUN,шафран
шафран|NOUN,шафрана
шафран|NOUN,шафранам
шафран|NOUN,шафранами
шафран|NOUN,шафранах
шафран|NOUN,шафране
шафран|NOUN,шафранов
шафран|NOUN,шафраном
шафран|NOUN,шафрану
шафран|NOUN,шафраны
шашлык|NOUN,шашлык
шашлык|NOUN,шашлыка
шашлык|NOUN,шашлыкам
шашлык|NOUN,шашлыками
шашлык|NOUN,шашлыках
шашлык|NOUN,шашлыке
шашлык|NOUN,шашлыки
шашлык|NOUN,шашлыков
шашлык|NOUN,шашлыком
шашлык|NOUN,шашлыку
шелковица|NOUN,шелковиц
шелковица|NOUN,шелковица
шелковица|NOUN,шелковицам
шелковица|NOUN,шелковицами
шелковица|NOUN,шелковицах
шелковица|NOUN,шелковице
шелковица|NOUN,шелковицей
шелковица|NOUN,шелковицею
шелковица|NOUN,шелковицу
шелковица|NOUN,шелковицы
шея|NOUN,шее
шея|NOUN,шеей
шея|NOUN,шеею
шея|NOUN,шеи
шея|NOUN,шей
шея|NOUN,шею
шея|NOUN,шея
шея|NOUN,шеям
шея|NOUN,шеями
шея|NOUN,шеях
шпинат|NOUN,шпинат
шпинат|NOUN,шпината
шпинат|NOUN,шпинатам
шпинат|NOUN,шпинатами
шпинат|NOUN,шпинатах
шпинат|NOUN,шпинате
шпинат|NOUN,шпинатов
шпинат|NOUN,шпинатом
шпинат|NOUN,шпинату
шпинат|NOUN,шпинаты
щавель|NOUN,щавеле
щавель|NOUN,щавелей
щавель|NOUN,щавелем
щавель|NOUN,щавели
щавель|NOUN,щавель
щавель|NOUN,щавелю
щавель|NOUN,щавеля
щавель|NOUN,щавелям
щавель|NOUN,щавелями
щавель|NOUN,щавелях
щука|NOUN,щук
щука|NOUN,щука
щука|NOUN,щукам
щука|NOUN,щуками
щука|NOUN,щуках
щука|NOUN,щуке
щука|NOUN,щуки
щука|NOUN,щукой
щука|NOUN,щукою
щука|NOUN,щуку
эда|NOUN,эд
эда|NOUN,эда
эда|NOUN,эдам
эда|NOUN,эдами
эда|NOUN,эдах
эда|NOUN,эде
эда|NOUN,эдой
эда|NOUN,эдою
эда|NOUN,эду
эда|NOUN,эды
эстрагон|NOUN,эстрагон
эстрагон|NOUN,эстрагона
эстрагон|NOUN,эстрагонам
эстрагон|NOUN,эстрагонами
эстрагон|NOUN,эстрагонах
эстрагон|NOUN,эстрагоне
эстрагон|NOUN,эстрагонов
эстрагон|NOUN,эстрагоном
эстрагон|NOUN,эстрагону
эстрагон|NOUN,эстрагоны
яблоко|NOUN,яблок
яблоко|NOUN,яблока
яблоко|NOUN,яблокам
яблоко|NOUN,яблоками
яблоко|NOUN,яблоках
яблоко|NOUN,яблоке
яблоко|NOUN,яблоки
яблоко|NOUN,яблоко
яблоко|NOUN,яблоком
яблоко|NOUN,яблоку
яблочный|ADJF,пояблочнее
яблочный|ADJF,пояблочней
яблочный|ADJF,яблочен
яблочный|ADJF,яблочна
яблочный|ADJF,яблочная
яблочный|ADJF,яблочнее
яблочный|ADJF,яблочней
яблочный|ADJF,яблочно
яблочный|ADJF,яблочного
яблочный|ADJF,яблочное
яблочный|ADJF,яблочной
яблочный|ADJF,яблочном
яблочный|ADJF,яблочному
яблочный|ADJF,яблочною
яблочный|ADJF,яблочную
яблочный|ADJF,яблочны
яблочный|ADJF,яблочные
яблочный|ADJF,яблочный
яблочный|ADJF,яблочным
яблочный|ADJF,яблочными
яблочный|ADJF,яблочных
ягненок|NOUN,ягненка
ягненок|NOUN,ягненке
ягненок|NOUN,ягненком
ягненок|NOUN,ягненку
ягненок|NOUN,ягненок
ягненок|NOUN,ягнят
ягненок|NOUN,ягнята
ягненок|NOUN,ягнятам
ягненок|NOUN,ягнятами
ягненок|NOUN,ягнятах
ягнятина|NOUN,ягнятин
ягнятина|NOUN,ягнятина
ягнятина|NOUN,ягнятинам
ягнятина|NOUN,ягнятинами
ягнятина|NOUN,ягнятинах
ягнятина|NOUN,ягнятине
ягнятина|NOUN,ягнятиной
ягнятина|NOUN,ягнятиною
ягнятина|NOUN,ягнятину
ягнятина|NOUN,ягнятины
ягнячий|ADJF,ягнячий
ягнячий|ADJF,ягнячье
ягнячий|ADJF,ягнячьего
ягнячий|ADJF,ягнячьей
ягнячий|ADJF,ягнячьем
ягнячий|ADJF,ягнячьему
ягнячий|ADJF,ягнячьею
ягнячий|ADJF,ягнячьи
ягнячий|ADJF,ягнячьим
ягнячий|ADJF,ягнячьими
ягнячий|ADJF,ягнячьих
ягнячий|ADJF,ягнячью
ягнячий|ADJF,ягнячья
ягодный|ADJF,поягоднее
ягодный|ADJF,поягодней
ягодный|ADJF,ягоден
ягодный|ADJF,ягодна
ягодный|ADJF,ягодная
ягодный|ADJF,ягоднее
ягодный|ADJF,ягодней
ягодный|ADJF,ягодно
ягодный|ADJF,ягодного
ягодный|ADJF,ягодное
ягодный|ADJF,ягодной
ягодный|ADJF,ягодном
ягодный|ADJF,ягодному
ягодный|ADJF,ягодною
ягодный|ADJF,ягодную
ягодный|ADJF,ягодны
ягодный|ADJF,ягодные
ягодный|ADJF,ягодный
ягодный|ADJF,ягодным
ягодный|ADJF,ягодными
ягодный|ADJF,ягодных
язык|NOUN,язык
язык|NOUN,языка
язык|NOUN,языкам
язык|NOUN,языками
язык|NOUN,языках
язык|NOUN,языке
язык|NOUN,языки
язык|NOUN,языков
язык|NOUN,языком
язык|NOUN,языку
язык|NOUN,языцех
яичный|ADJF,пояичнее
яичный|ADJF,пояичней
яичный|ADJF,яичен
яичный|ADJF,яична
яичный|ADJF,яичная
яичный|ADJF,яичнее
яичный|ADJF,яичней
яичный|ADJF,яично
яичный|ADJF,яичного
яичный|ADJF,яичное
яичный|ADJF,яичной
яичный|ADJF,яичном
яичный|ADJF,яичному
яичный|ADJF,яичною
яичный|ADJF,яичную
яичный|ADJF,яичны
яичный|ADJF,яичные
яичный|ADJF,яичный
яичный|ADJF,яичным
яичный|ADJF,яичными
яичный|ADJF,яичных
яйцо|NOUN,яиц
яйцо|NOUN,яйца
яйцо|NOUN,яйцам
яйцо|NOUN,яйцами
яйцо|NOUN,яйцах
яйцо|NOUN,яйце
яйцо|NOUN,яйцо
яйцо|NOUN,яйцом
яйцо|NOUN,яйцу
ячневый|ADJF,поячневее
ячневый|ADJF,поячневей
ячневый|ADJF,ячнев
ячневый|ADJF,ячнева
ячневый|ADJF,ячневая
ячневый|ADJF,ячневее
ячневый|ADJF,ячневей
ячневый|ADJF,ячнево
ячневый|ADJF,ячневого
ячневый|ADJF,ячневое
ячневый|ADJF,ячневой
ячневый|ADJF,ячневом
ячневый|ADJF,ячневому
ячневый|ADJF,ячневою
ячневый|ADJF,ячневую
ячневый|ADJF,ячневы
ячневый|ADJF,ячневые
ячневый|ADJF,ячневый
ячневый|ADJF,ячневым
ячневый|ADJF,ячневыми
ячневый|ADJF,ячневых
